time_ms,voltage_mV
0.0,-65.0
0.1,-62.4679483144877
0.2,-60.45067151515007
0.30000000000000004,-59.203678975170654
0.4,-57.34379022479108
0.5,-55.91477224470377
0.6000000000000001,-65.0
0.7,-65.0
0.8,-65.0
0.9000000000000001,-65.0
1.0,-65.0
1.1,-65.0
1.2000000000000002,-65.0
1.3000000000000003,-65.0
1.4,-65.0
1.5,-65.0
1.6,-65.0
1.7000000000000002,-65.0
1.8000000000000003,-65.0
1.9,-65.0
2.0,-65.0
2.1,-65.0
2.2,-65.0
2.3,-65.0
2.4000000000000004,-65.0
2.5,-65.0
2.6000000000000005,-65.0
2.7,-65.0
2.8,-65.0
2.9000000000000004,-65.0
3.0,-65.0
3.1000000000000005,-65.0
3.2,-65.0
3.3,-65.0
3.4000000000000004,-65.0
3.5,-65.0
3.6000000000000005,-65.0
3.7,-65.0
3.8,-65.0
3.9000000000000004,-65.0
4.0,-65.0
4.1000000000000005,-65.0
4.2,-65.0
4.3,-65.0
4.4,-65.0
4.500000000000001,-65.0
4.6,-65.0
4.7,-65.0
4.800000000000001,-65.0
4.8999999999999995,-65.0
5.0,-65.0
5.1000000000000005,-65.0
5.200000000000001,-65.0
5.3,-65.0
5.4,-65.0
5.500000000000001,-65.0
5.6,-65.0
5.7,-65.0
5.800000000000001,-63.22972405411602
5.8999999999999995,-61.66059900602585
6.0,-59.0817766999643
6.1000000000000005,-57.08971598721081
6.200000000000001,-65.0
6.3,-65.0
6.4,-65.0
6.500000000000001,-65.0
6.6,-65.0
6.7,-65.0
6.800000000000001,-65.0
6.9,-65.0
7.0,-65.0
7.1000000000000005,-65.0
7.200000000000001,-65.0
7.3,-65.0
7.4,-65.0
7.500000000000001,-65.0
7.6,-65.0
7.7,-65.0
7.800000000000001,-65.0
7.9,-65.0
8.0,-65.0
8.1,-65.0
8.200000000000001,-65.0
8.3,-65.0
8.4,-65.0
8.5,-65.0
8.6,-65.0
8.700000000000001,-65.0
8.8,-65.0
8.9,-65.0
9.000000000000002,-65.0
9.1,-65.0
9.2,-65.0
9.3,-65.0
9.4,-65.0
9.5,-65.0
9.600000000000001,-65.0
9.700000000000001,-65.0
9.799999999999999,-65.0
9.9,-65.0
10.0,-65.0
10.100000000000001,-65.0
10.200000000000001,-65.0
10.3,-65.0
10.400000000000002,-65.0
10.5,-65.0
10.6,-65.0
10.700000000000001,-65.0
10.8,-65.0
10.9,-65.0
11.000000000000002,-65.0
11.1,-65.0
11.2,-65.0
11.3,-65.0
11.4,-62.63416081224529
11.5,-60.660697355227406
11.600000000000001,-58.13074806955614
11.700000000000001,-55.56758213692422
11.799999999999999,-65.0
11.9,-65.0
12.0,-65.0
12.100000000000001,-65.0
12.200000000000001,-65.0
12.3,-65.0
12.400000000000002,-65.0
12.5,-65.0
12.6,-65.0
12.700000000000001,-65.0
12.8,-65.0
12.9,-65.0
13.000000000000002,-65.0
13.100000000000001,-65.0
13.2,-65.0
13.3,-65.0
13.4,-65.0
13.5,-65.0
13.600000000000001,-65.0
13.700000000000001,-65.0
13.8,-65.0
13.9,-65.0
14.0,-65.0
14.100000000000001,-65.0
14.200000000000001,-65.0
14.3,-65.0
14.400000000000002,-65.0
14.5,-65.0
14.6,-65.0
14.700000000000001,-65.0
14.8,-65.0
14.9,-65.0
15.000000000000002,-65.0
15.100000000000001,-65.0
15.2,-65.0
15.3,-65.0
15.4,-65.0
15.5,-65.0
15.600000000000001,-65.0
15.700000000000003,-65.0
15.8,-65.0
15.9,-65.0
16.0,-65.0
16.1,-65.0
16.2,-65.0
16.3,-65.0
16.400000000000002,-65.0
16.5,-65.0
16.6,-65.0
16.7,-65.0
16.8,-65.0
16.900000000000002,-65.0
17.0,-62.375954600177934
17.1,-60.727424445455725
17.2,-58.312074760621364
17.3,-56.66869097920952
17.400000000000002,-65.0
17.5,-65.0
17.6,-65.0
17.7,-65.0
17.8,-65.0
17.9,-65.0
18.000000000000004,-65.0
18.1,-65.0
18.2,-65.0
18.3,-65.0
18.4,-65.0
18.500000000000004,-65.0
18.6,-65.0
18.700000000000003,-65.0
18.8,-65.0
18.9,-65.0
19.0,-65.0
19.1,-65.0
19.200000000000003,-65.0
19.3,-65.0
19.400000000000002,-65.0
19.5,-65.0
19.599999999999998,-65.0
19.700000000000003,-65.0
19.8,-65.0
19.900000000000002,-65.0
20.0,-65.0
20.1,-65.0
20.200000000000003,-65.0
20.3,-65.0
20.400000000000002,-65.0
20.5,-65.0
20.6,-65.0
20.7,-65.0
20.800000000000004,-65.0
20.900000000000002,-65.0
21.0,-65.0
21.1,-65.0
21.2,-65.0
21.3,-65.0
21.400000000000002,-65.0
21.5,-65.0
21.6,-65.0
21.7,-65.0
21.8,-65.0
21.9,-65.0
22.000000000000004,-65.0
22.1,-65.0
22.2,-65.0
22.3,-65.0
22.4,-65.0
22.500000000000004,-65.0
22.6,-62.99590105693847
22.700000000000003,-60.4474227103676
22.8,-58.353912033507
22.9,-55.502457330922965
23.0,-65.0
23.1,-65.0
23.200000000000003,-65.0
23.3,-65.0
23.400000000000002,-65.0
23.5,-65.0
23.599999999999998,-65.0
23.700000000000003,-65.0
23.8,-65.0
23.900000000000002,-65.0
24.0,-65.0
24.1,-65.0
24.200000000000003,-65.0
24.3,-65.0
24.400000000000002,-65.0
24.5,-65.0
24.6,-65.0
24.7,-65.0
24.800000000000004,-65.0
24.900000000000002,-65.0
25.0,-65.0
25.1,-65.0
25.2,-65.0
25.3,-65.0
25.400000000000002,-65.0
25.500000000000004,-65.0
25.6,-65.0
25.7,-65.0
25.8,-65.0
25.900000000000002,-65.0
26.000000000000004,-65.0
26.1,-65.0
26.200000000000003,-65.0
26.3,-65.0
26.4,-65.0
26.500000000000004,-65.0
26.6,-65.0
26.700000000000003,-65.0
26.8,-65.0
26.9,-65.0
27.0,-65.0
27.1,-65.0
27.200000000000003,-65.0
27.3,-65.0
27.400000000000002,-65.0
27.5,-65.0
27.6,-65.0
27.700000000000003,-65.0
27.8,-65.0
27.900000000000002,-65.0
28.0,-65.0
28.1,-65.0
28.200000000000003,-62.11260263615663
28.3,-59.84885945333634
28.400000000000002,-57.772077454537865
28.5,-55.95443142994662
28.6,-65.0
28.7,-65.0
28.800000000000004,-65.0
28.900000000000002,-65.0
29.0,-65.0
29.1,-65.0
29.2,-65.0
29.300000000000004,-65.0
29.400000000000002,-65.0
29.500000000000004,-65.0
29.6,-65.0
29.7,-65.0
29.8,-65.0
29.900000000000002,-65.0
30.000000000000004,-65.0
30.1,-65.0
30.200000000000003,-65.0
30.3,-65.0
30.4,-65.0
30.500000000000004,-65.0
30.6,-65.0
30.700000000000003,-65.0
30.8,-65.0
30.900000000000002,-65.0
31.0,-65.0
31.1,-65.0
31.200000000000003,-65.0
31.3,-65.0
31.400000000000006,-65.0
31.5,-65.0
31.6,-65.0
31.7,-65.0
31.8,-65.0
31.900000000000006,-65.0
32.0,-65.0
32.1,-65.0
32.2,-65.0
32.300000000000004,-65.0
32.4,-65.0
32.5,-65.0
32.6,-65.0
32.7,-65.0
32.800000000000004,-65.0
32.9,-65.0
33.0,-65.0
33.1,-65.0
33.2,-65.0
33.300000000000004,-65.0
33.4,-65.0
33.5,-65.0
33.6,-65.0
33.7,-65.0
33.800000000000004,-63.79666487270329
33.9,-61.651536096820905
34.0,-59.053606665065814
34.1,-56.83295932184706
34.2,-56.20003151667061
34.300000000000004,-65.0
34.4,-65.0
34.5,-65.0
34.6,-65.0
34.7,-65.0
34.800000000000004,-65.0
34.9,-65.0
35.0,-65.0
35.1,-65.0
35.2,-65.0
35.300000000000004,-65.0
35.4,-65.0
35.50000000000001,-65.0
35.6,-65.0
35.7,-65.0
35.8,-65.0
35.9,-65.0
36.00000000000001,-65.0
36.1,-65.0
36.2,-65.0
36.3,-65.0
36.4,-65.0
36.50000000000001,-65.0
36.6,-65.0
36.7,-65.0
36.8,-65.0
36.900000000000006,-65.0
37.00000000000001,-65.0
37.1,-65.0
37.2,-65.0
37.3,-65.0
37.400000000000006,-65.0
37.5,-65.0
37.6,-65.0
37.7,-65.0
37.8,-65.0
37.900000000000006,-65.0
38.0,-65.0
38.1,-65.0
38.2,-65.0
38.3,-65.0
38.400000000000006,-65.0
38.5,-65.0
38.6,-65.0
38.7,-65.0
38.800000000000004,-65.0
38.900000000000006,-65.0
39.0,-65.0
39.1,-65.0
39.199999999999996,-65.0
39.300000000000004,-65.0
39.400000000000006,-65.0
39.5,-62.7798205213094
39.6,-60.62875701747152
39.699999999999996,-58.93921319062643
39.800000000000004,-56.45216819766952
39.900000000000006,-65.0
40.0,-65.0
40.1,-65.0
40.2,-65.0
40.300000000000004,-65.0
40.400000000000006,-65.0
40.5,-65.0
40.6,-65.0
40.7,-65.0
40.800000000000004,-65.0
40.9,-65.0
41.0,-65.0
41.1,-65.0
41.2,-65.0
41.300000000000004,-65.0
41.4,-65.0
41.5,-65.0
41.60000000000001,-65.0
41.7,-65.0
41.800000000000004,-65.0
41.9,-65.0
42.0,-65.0
42.10000000000001,-65.0
42.2,-65.0
42.300000000000004,-65.0
42.4,-65.0
42.5,-65.0
42.6,-65.0
42.7,-65.0
42.800000000000004,-65.0
42.9,-65.0
43.0,-65.0
43.1,-65.0
43.2,-65.0
43.300000000000004,-65.0
43.4,-65.0
43.50000000000001,-65.0
43.6,-65.0
43.7,-65.0
43.8,-65.0
43.9,-65.0
44.00000000000001,-65.0
44.1,-65.0
44.2,-65.0
44.3,-65.0
44.4,-65.0
44.50000000000001,-65.0
44.6,-65.0
44.7,-65.0
44.8,-65.0
44.900000000000006,-65.0
45.00000000000001,-65.0
45.1,-62.63249404943558
45.2,-60.715711218383845
45.3,-58.0148177994337
45.400000000000006,-55.629937006545155
45.5,-65.0
45.6,-65.0
45.7,-65.0
45.8,-65.0
45.900000000000006,-65.0
46.0,-65.0
46.1,-65.0
46.2,-65.0
46.300000000000004,-65.0
46.400000000000006,-65.0
46.5,-65.0
46.6,-65.0
46.7,-65.0
46.800000000000004,-65.0
46.900000000000006,-65.0
47.0,-65.0
47.1,-65.0
47.199999999999996,-65.0
47.300000000000004,-65.0
47.400000000000006,-65.0
47.5,-65.0
47.6,-65.0
47.7,-65.0
47.800000000000004,-65.0
47.900000000000006,-65.0
48.0,-65.0
48.1,-65.0
48.2,-65.0
48.300000000000004,-65.0
48.400000000000006,-65.0
48.5,-65.0
48.6,-65.0
48.7,-65.0
48.800000000000004,-65.0
48.9,-65.0
49.0,-65.0
49.1,-65.0
49.2,-65.0
49.300000000000004,-65.0
49.4,-65.0
49.5,-65.0
49.60000000000001,-65.0
49.7,-65.0
49.800000000000004,-65.0
49.9,-65.0
50.0,-65.0
50.10000000000001,-65.0
50.2,-65.0
50.300000000000004,-65.0
50.4,-65.0
50.5,-65.0
50.6,-65.0
50.7,-63.21337810777899
50.800000000000004,-60.87394097391285
50.9,-58.71746613314231
51.00000000000001,-55.94173860581928
51.1,-65.0
51.2,-65.0
51.300000000000004,-65.0
51.4,-65.0
51.50000000000001,-65.0
51.6,-65.0
51.7,-65.0
51.800000000000004,-65.0
51.9,-65.0
52.00000000000001,-65.0
52.1,-65.0
52.2,-65.0
52.3,-65.0
52.400000000000006,-65.0
52.50000000000001,-65.0
52.6,-65.0
52.7,-65.0
52.8,-65.0
52.900000000000006,-65.0
53.00000000000001,-65.0
53.1,-65.0
53.2,-65.0
53.3,-65.0
53.400000000000006,-65.0
53.50000000000001,-65.0
53.6,-65.0
53.7,-65.0
53.8,-65.0
53.900000000000006,-65.0
54.0,-65.0
54.1,-65.0
54.2,-65.0
54.300000000000004,-65.0
54.400000000000006,-65.0
54.5,-65.0
54.6,-65.0
54.7,-65.0
54.800000000000004,-65.0
54.900000000000006,-65.0
55.0,-65.0
55.1,-65.0
55.2,-65.0
55.300000000000004,-65.0
55.400000000000006,-65.0
55.5,-65.0
55.6,-65.0
55.7,-65.0
55.800000000000004,-65.0
55.900000000000006,-65.0
56.0,-65.0
56.1,-65.0
56.2,-65.0
56.300000000000004,-62.93205472579969
56.400000000000006,-60.8288200057105
56.5,-59.120405541515105
56.6,-57.914600899260556
56.7,-56.371557719172166
56.800000000000004,-65.0
56.900000000000006,-65.0
57.0,-65.0
57.1,-65.0
57.2,-65.0
57.300000000000004,-65.0
57.4,-65.0
57.5,-65.0
57.60000000000001,-65.0
57.7,-65.0
57.800000000000004,-65.0
57.9,-65.0
58.0,-65.0
58.10000000000001,-65.0
58.2,-65.0
58.300000000000004,-65.0
58.4,-65.0
58.5,-65.0
58.60000000000001,-65.0
58.7,-65.0
58.800000000000004,-65.0
58.9,-65.0
59.00000000000001,-65.0
59.1,-65.0
59.2,-65.0
59.300000000000004,-65.0
59.4,-65.0
59.50000000000001,-65.0
59.6,-65.0
59.7,-65.0
59.800000000000004,-65.0
59.9,-65.0
60.00000000000001,-65.0
60.1,-65.0
60.2,-65.0
60.3,-65.0
60.400000000000006,-65.0
60.50000000000001,-65.0
60.6,-65.0
60.7,-65.0
60.8,-65.0
60.900000000000006,-65.0
61.00000000000001,-65.0
61.1,-65.0
61.2,-65.0
61.3,-65.0
61.400000000000006,-65.0
61.50000000000001,-65.0
61.6,-65.0
61.7,-65.0
61.800000000000004,-65.0
61.900000000000006,-65.0
62.0,-63.468115921468794
62.1,-61.41743743597411
62.2,-60.10120620152199
62.300000000000004,-58.40762052456435
62.400000000000006,-56.36037141737746
62.5,-55.4916981432835
62.6,-65.0
62.7,-65.0
62.80000000000001,-65.0
62.9,-65.0
63.0,-65.0
63.1,-65.0
63.2,-65.0
63.30000000000001,-65.0
63.4,-65.0
63.5,-65.0
63.6,-65.0
63.70000000000001,-65.0
63.80000000000001,-65.0
63.9,-65.0
64.0,-65.0
64.10000000000001,-65.0
64.2,-65.0
64.30000000000001,-65.0
64.4,-65.0
64.5,-65.0
64.60000000000001,-65.0
64.7,-65.0
64.8,-65.0
64.9,-65.0
65.0,-65.0
65.10000000000001,-65.0
65.2,-65.0
65.3,-65.0
65.4,-65.0
65.5,-65.0
65.60000000000001,-65.0
65.7,-65.0
65.8,-65.0
65.9,-65.0
66.0,-65.0
66.10000000000001,-65.0
66.2,-65.0
66.3,-65.0
66.4,-65.0
66.5,-65.0
66.60000000000001,-65.0
66.7,-65.0
66.8,-65.0
66.9,-65.0
67.0,-65.0
67.10000000000001,-65.0
67.2,-65.0
67.3,-65.0
67.4,-65.0
67.5,-65.0
67.60000000000001,-65.0
67.70000000000002,-65.0
67.8,-62.81124464165958
67.9,-61.48684024992167
68.0,-59.35677727448876
68.10000000000001,-57.232426327215016
68.2,-55.84669801097265
68.3,-65.0
68.4,-65.0
68.5,-65.0
68.60000000000001,-65.0
68.7,-65.0
68.8,-65.0
68.9,-65.0
69.0,-65.0
69.10000000000001,-65.0
69.2,-65.0
69.3,-65.0
69.4,-65.0
69.5,-65.0
69.60000000000001,-65.0
69.7,-65.0
69.8,-65.0
69.9,-65.0
70.0,-65.0
70.10000000000001,-65.0
70.2,-65.0
70.3,-65.0
70.4,-65.0
70.5,-65.0
70.60000000000001,-65.0
70.7,-65.0
70.8,-65.0
70.9,-65.0
71.00000000000001,-65.0
71.1,-65.0
71.2,-65.0
71.3,-65.0
71.4,-65.0
71.50000000000001,-65.0
71.6,-65.0
71.7,-65.0
71.8,-65.0
71.9,-65.0
72.00000000000001,-65.0
72.1,-65.0
72.2,-65.0
72.3,-65.0
72.4,-65.0
72.50000000000001,-65.0
72.6,-65.0
72.7,-65.0
72.8,-65.0
72.9,-65.0
73.00000000000001,-65.0
73.1,-65.0
73.2,-65.0
73.3,-65.0
73.4,-65.0
73.50000000000001,-63.49243190569725
73.6,-61.36976846746454
73.7,-59.575236077341806
73.80000000000001,-57.72783332996891
73.9,-55.677367814102524
74.00000000000001,-65.0
74.1,-65.0
74.2,-65.0
74.30000000000001,-65.0
74.4,-65.0
74.5,-65.0
74.6,-65.0
74.7,-65.0
74.80000000000001,-65.0
74.9,-65.0
75.0,-65.0
75.1,-65.0
75.2,-65.0
75.30000000000001,-65.0
75.4,-65.0
75.5,-65.0
75.6,-65.0
75.7,-65.0
75.80000000000001,-65.0
75.9,-65.0
76.0,-65.0
76.1,-65.0
76.2,-65.0
76.30000000000001,-65.0
76.4,-65.0
76.5,-65.0
76.6,-65.0
76.7,-65.0
76.80000000000001,-65.0
76.9,-65.0
77.0,-65.0
77.10000000000001,-65.0
77.2,-65.0
77.30000000000001,-65.0
77.4,-65.0
77.5,-65.0
77.60000000000001,-65.0
77.7,-65.0
77.80000000000001,-65.0
77.89999999999999,-65.0
78.0,-65.0
78.10000000000001,-65.0
78.2,-65.0
78.30000000000001,-65.0
78.39999999999999,-65.0
78.5,-65.0
78.60000000000001,-65.0
78.7,-65.0
78.80000000000001,-65.0
78.89999999999999,-65.0
79.0,-65.0
79.10000000000001,-65.0
79.2,-63.32255079444292
79.30000000000001,-61.9362574388154
79.39999999999999,-60.036561618285816
79.5,-58.400823267998824
79.60000000000001,-56.008189026222055
79.7,-65.0
79.80000000000001,-65.0
79.9,-65.0
80.0,-65.0
80.10000000000001,-65.0
80.2,-65.0
80.30000000000001,-65.0
80.4,-65.0
80.5,-65.0
80.60000000000001,-65.0
80.7,-65.0
80.80000000000001,-65.0
80.9,-65.0
81.0,-65.0
81.10000000000001,-65.0
81.2,-65.0
81.3,-65.0
81.4,-65.0
81.5,-65.0
81.60000000000001,-65.0
81.7,-65.0
81.8,-65.0
81.9,-65.0
82.0,-65.0
82.10000000000001,-65.0
82.2,-65.0
82.3,-65.0
82.4,-65.0
82.5,-65.0
82.60000000000001,-65.0
82.7,-65.0
82.8,-65.0
82.9,-65.0
83.0,-65.0
83.10000000000001,-65.0
83.20000000000002,-65.0
83.3,-65.0
83.4,-65.0
83.5,-65.0
83.60000000000001,-65.0
83.70000000000002,-65.0
83.8,-65.0
83.9,-65.0
84.0,-65.0
84.10000000000001,-65.0
84.20000000000002,-65.0
84.3,-65.0
84.4,-65.0
84.5,-65.0
84.60000000000001,-65.0
84.7,-65.0
84.8,-65.0
84.9,-63.02129417832095
85.0,-61.22477176372583
85.10000000000001,-59.77104455995717
85.2,-57.30159261975234
85.3,-55.4246021129795
85.4,-65.0
85.5,-65.0
85.60000000000001,-65.0
85.7,-65.0
85.8,-65.0
85.9,-65.0
86.0,-65.0
86.10000000000001,-65.0
86.2,-65.0
86.3,-65.0
86.4,-65.0
86.50000000000001,-65.0
86.60000000000001,-65.0
86.7,-65.0
86.8,-65.0
86.9,-65.0
87.00000000000001,-65.0
87.10000000000001,-65.0
87.2,-65.0
87.3,-65.0
87.4,-65.0
87.50000000000001,-65.0
87.6,-65.0
87.7,-65.0
87.8,-65.0
87.9,-65.0
88.00000000000001,-65.0
88.1,-65.0
88.2,-65.0
88.3,-65.0
88.4,-65.0
88.50000000000001,-65.0
88.6,-65.0
88.7,-65.0
88.8,-65.0
88.9,-65.0
89.00000000000001,-65.0
89.1,-65.0
89.2,-65.0
89.30000000000001,-65.0
89.4,-65.0
89.50000000000001,-65.0
89.6,-65.0
89.7,-65.0
89.80000000000001,-65.0
89.9,-65.0
90.00000000000001,-65.0
90.1,-65.0
90.2,-65.0
90.30000000000001,-65.0
90.4,-65.0
90.50000000000001,-65.0
90.6,-62.9952663169977
90.7,-61.34016635810434
90.80000000000001,-58.34672090384449
90.9,-57.06621922247153
91.0,-55.20219869991108
91.1,-65.0
91.2,-65.0
91.30000000000001,-65.0
91.4,-65.0
91.5,-65.0
91.6,-65.0
91.7,-65.0
91.80000000000001,-65.0
91.9,-65.0
92.0,-65.0
92.1,-65.0
92.2,-65.0
92.30000000000001,-65.0
92.4,-65.0
92.5,-65.0
92.60000000000001,-65.0
92.7,-65.0
92.80000000000001,-65.0
92.9,-65.0
93.0,-65.0
93.10000000000001,-65.0
93.2,-65.0
93.30000000000001,-65.0
93.4,-65.0
93.5,-65.0
93.60000000000001,-65.0
93.7,-65.0
93.80000000000001,-65.0
93.9,-65.0
94.0,-65.0
94.10000000000001,-65.0
94.2,-65.0
94.30000000000001,-65.0
94.39999999999999,-65.0
94.5,-65.0
94.60000000000001,-65.0
94.7,-65.0
94.80000000000001,-65.0
94.89999999999999,-65.0
95.0,-65.0
95.10000000000001,-65.0
95.2,-65.0
95.30000000000001,-65.0
95.4,-65.0
95.5,-65.0
95.60000000000001,-65.0
95.7,-65.0
95.80000000000001,-65.0
95.9,-65.0
96.0,-65.0
96.10000000000001,-65.0
96.2,-65.0
96.30000000000001,-63.94581378919204
96.4,-61.840508290848426
96.5,-60.212877474825625
96.60000000000001,-57.90199638944565
96.7,-55.867056405027
96.80000000000001,-65.0
96.9,-65.0
97.0,-65.0
97.10000000000001,-65.0
97.2,-65.0
97.30000000000001,-65.0
97.4,-65.0
97.5,-65.0
97.60000000000001,-65.0
97.7,-65.0
97.8,-65.0
97.9,-65.0
98.0,-65.0
98.10000000000001,-65.0
98.2,-65.0
98.3,-65.0
98.4,-65.0
98.5,-65.0
98.60000000000001,-65.0
98.70000000000002,-65.0
98.8,-65.0
98.9,-65.0
99.0,-65.0
99.10000000000001,-65.0
99.20000000000002,-65.0
99.3,-65.0
99.4,-65.0
99.5,-65.0
99.60000000000001,-65.0
99.70000000000002,-65.0
99.8,-65.0
99.9,-65.0
100.0,-65.0
100.10000000000001,-65.0
100.20000000000002,-65.0
100.3,-65.0
100.4,-65.0
100.5,-65.0
100.60000000000001,-65.0
100.70000000000002,-65.0
100.8,-65.0
100.9,-65.0
101.0,-65.0
101.10000000000001,-65.0
101.2,-65.0
101.3,-65.0
101.4,-65.0
101.5,-65.0
101.60000000000001,-65.0
101.7,-65.0
101.8,-65.0
101.9,-65.0
102.00000000000001,-62.416406048763406
102.10000000000001,-60.50890903638464
102.2,-58.54821563280596
102.3,-56.922889190134555
102.4,-65.0
102.50000000000001,-65.0
102.60000000000001,-65.0
102.7,-65.0
102.8,-65.0
102.9,-65.0
103.00000000000001,-65.0
103.10000000000001,-65.0
103.2,-65.0
103.3,-65.0
103.4,-65.0
103.50000000000001,-65.0
103.60000000000001,-65.0
103.7,-65.0
103.8,-65.0
103.9,-65.0
104.00000000000001,-65.0
104.1,-65.0
104.2,-65.0
104.3,-65.0
104.4,-65.0
104.50000000000001,-65.0
104.6,-65.0
104.7,-65.0
104.80000000000001,-65.0
104.9,-65.0
105.00000000000001,-65.0
105.1,-65.0
105.2,-65.0
105.30000000000001,-65.0
105.4,-65.0
105.50000000000001,-65.0
105.6,-65.0
105.7,-65.0
105.80000000000001,-65.0
105.9,-65.0
106.00000000000001,-65.0
106.1,-65.0
106.2,-65.0
106.30000000000001,-65.0
106.4,-65.0
106.50000000000001,-65.0
106.6,-65.0
106.7,-65.0
106.80000000000001,-65.0
106.9,-65.0
107.00000000000001,-65.0
107.1,-65.0
107.2,-65.0
107.30000000000001,-65.0
107.4,-65.0
107.5,-65.0
107.6,-62.13082930363128
107.7,-60.75260449003775
107.80000000000001,-58.85542563748102
107.9,-56.172433646179634
108.0,-65.0
108.10000000000001,-65.0
108.2,-65.0
108.30000000000001,-65.0
108.4,-65.0
108.5,-65.0
108.60000000000001,-65.0
108.7,-65.0
108.80000000000001,-65.0
108.9,-65.0
109.0,-65.0
109.10000000000001,-65.0
109.2,-65.0
109.30000000000001,-65.0
109.4,-65.0
109.5,-65.0
109.60000000000001,-65.0
109.7,-65.0
109.80000000000001,-65.0
109.9,-65.0
110.0,-65.0
110.10000000000001,-65.0
110.2,-65.0
110.30000000000001,-65.0
110.4,-65.0
110.5,-65.0
110.60000000000001,-65.0
110.7,-65.0
110.80000000000001,-65.0
110.9,-65.0
111.0,-65.0
111.10000000000001,-65.0
111.2,-65.0
111.30000000000001,-65.0
111.4,-65.0
111.5,-65.0
111.60000000000001,-65.0
111.7,-65.0
111.80000000000001,-65.0
111.9,-65.0
112.0,-65.0
112.10000000000001,-65.0
112.2,-65.0
112.30000000000001,-65.0
112.4,-65.0
112.5,-65.0
112.60000000000001,-65.0
112.7,-65.0
112.80000000000001,-65.0
112.9,-65.0
113.0,-65.0
113.10000000000001,-65.0
113.2,-63.254379137428316
113.30000000000001,-60.429143662143716
113.4,-58.27214394742885
113.5,-56.11974639579322
113.60000000000001,-55.162965400394164
113.7,-65.0
113.80000000000001,-65.0
113.9,-65.0
114.0,-65.0
114.10000000000001,-65.0
114.2,-65.0
114.3,-65.0
114.4,-65.0
114.5,-65.0
114.60000000000001,-65.0
114.70000000000002,-65.0
114.8,-65.0
114.9,-65.0
115.0,-65.0
115.10000000000001,-65.0
115.20000000000002,-65.0
115.3,-65.0
115.4,-65.0
115.5,-65.0
115.60000000000001,-65.0
115.70000000000002,-65.0
115.8,-65.0
115.9,-65.0
116.0,-65.0
116.10000000000001,-65.0
116.20000000000002,-65.0
116.3,-65.0
116.4,-65.0
116.5,-65.0
116.60000000000001,-65.0
116.70000000000002,-65.0
116.8,-65.0
116.9,-65.0
117.0,-65.0
117.10000000000001,-65.0
117.20000000000002,-65.0
117.3,-65.0
117.4,-65.0
117.50000000000001,-65.0
117.60000000000001,-65.0
117.7,-65.0
117.8,-65.0
117.9,-65.0
118.00000000000001,-65.0
118.10000000000001,-65.0
118.2,-65.0
118.3,-65.0
118.4,-65.0
118.50000000000001,-65.0
118.60000000000001,-65.0
118.7,-65.0
118.8,-65.0
118.9,-63.37992384109681
119.00000000000001,-61.43885017780864
119.10000000000001,-59.517002347694685
119.2,-57.79765342254552
119.3,-56.26489706044583
119.4,-65.0
119.50000000000001,-65.0
119.60000000000001,-65.0
119.7,-65.0
119.8,-65.0
119.9,-65.0
120.00000000000001,-65.0
120.10000000000001,-65.0
120.2,-65.0
120.3,-65.0
120.4,-65.0
120.50000000000001,-65.0
120.6,-65.0
120.7,-65.0
120.80000000000001,-65.0
120.9,-65.0
121.00000000000001,-65.0
121.1,-65.0
121.2,-65.0
121.30000000000001,-65.0
121.4,-65.0
121.50000000000001,-65.0
121.6,-65.0
121.7,-65.0
121.80000000000001,-65.0
121.9,-65.0
122.00000000000001,-65.0
122.1,-65.0
122.2,-65.0
122.30000000000001,-65.0
122.4,-65.0
122.50000000000001,-65.0
122.6,-65.0
122.7,-65.0
122.80000000000001,-65.0
122.9,-65.0
123.00000000000001,-65.0
123.1,-65.0
123.2,-65.0
123.30000000000001,-65.0
123.4,-65.0
123.50000000000001,-65.0
123.60000000000001,-65.0
123.7,-65.0
123.80000000000001,-65.0
123.9,-65.0
124.0,-65.0
124.10000000000001,-65.0
124.2,-65.0
124.30000000000001,-65.0
124.4,-65.0
124.5,-65.0
124.60000000000001,-62.47431291416701
124.7,-60.49384069189451
124.80000000000001,-59.15135399101833
124.9,-56.36348079787012
125.0,-65.0
125.10000000000002,-65.0
125.2,-65.0
125.3,-65.0
125.4,-65.0
125.5,-65.0
125.60000000000002,-65.0
125.7,-65.0
125.8,-65.0
125.9,-65.0
126.0,-65.0
126.10000000000002,-65.0
126.2,-65.0
126.3,-65.0
126.4,-65.0
126.5,-65.0
126.60000000000002,-65.0
126.7,-65.0
126.8,-65.0
126.9,-65.0
127.0,-65.0
127.10000000000002,-65.0
127.2,-65.0
127.3,-65.0
127.40000000000002,-65.0
127.5,-65.0
127.60000000000002,-65.0
127.7,-65.0
127.8,-65.0
127.90000000000002,-65.0
128.0,-65.0
128.10000000000002,-65.0
128.20000000000002,-65.0
128.3,-65.0
128.4,-65.0
128.5,-65.0
128.60000000000002,-65.0
128.70000000000002,-65.0
128.8,-65.0
128.9,-65.0
129.0,-65.0
129.1,-65.0
129.20000000000002,-65.0
129.3,-65.0
129.4,-65.0
129.5,-65.0
129.6,-65.0
129.70000000000002,-65.0
129.8,-65.0
129.9,-65.0
130.0,-65.0
130.1,-65.0
130.20000000000002,-62.95926778355794
130.3,-61.25604705397619
130.4,-58.8858187956796
130.5,-56.89823631899998
130.6,-65.0
130.70000000000002,-65.0
130.8,-65.0
130.9,-65.0
131.0,-65.0
131.1,-65.0
131.20000000000002,-65.0
131.3,-65.0
131.4,-65.0
131.5,-65.0
131.6,-65.0
131.70000000000002,-65.0
131.8,-65.0
131.9,-65.0
132.0,-65.0
132.1,-65.0
132.20000000000002,-65.0
132.3,-65.0
132.4,-65.0
132.5,-65.0
132.6,-65.0
132.70000000000002,-65.0
132.8,-65.0
132.9,-65.0
133.0,-65.0
133.1,-65.0
133.20000000000002,-65.0
133.3,-65.0
133.4,-65.0
133.5,-65.0
133.6,-65.0
133.70000000000002,-65.0
133.8,-65.0
133.9,-65.0
134.0,-65.0
134.1,-65.0
134.20000000000002,-65.0
134.3,-65.0
134.4,-65.0
134.5,-65.0
134.6,-65.0
134.70000000000002,-65.0
134.8,-65.0
134.90000000000003,-65.0
135.0,-65.0
135.1,-65.0
135.20000000000002,-65.0
135.3,-65.0
135.40000000000003,-65.0
135.5,-65.0
135.6,-65.0
135.70000000000002,-65.0
135.8,-63.39405106995717
135.9,-61.70660322090333
136.0,-60.10282820863374
136.1,-58.475351477388884
136.20000000000002,-56.429565882604834
136.3,-65.0
136.4,-65.0
136.5,-65.0
136.6,-65.0
136.70000000000002,-65.0
136.8,-65.0
136.9,-65.0
137.0,-65.0
137.1,-65.0
137.20000000000002,-65.0
137.3,-65.0
137.4,-65.0
137.5,-65.0
137.6,-65.0
137.70000000000002,-65.0
137.8,-65.0
137.9,-65.0
138.0,-65.0
138.1,-65.0
138.20000000000002,-65.0
138.3,-65.0
138.4,-65.0
138.5,-65.0
138.6,-65.0
138.70000000000002,-65.0
138.8,-65.0
138.9,-65.0
139.0,-65.0
139.1,-65.0
139.20000000000002,-65.0
139.3,-65.0
139.4,-65.0
139.5,-65.0
139.6,-65.0
139.70000000000002,-65.0
139.8,-65.0
139.9,-65.0
140.0,-65.0
140.1,-65.0
140.20000000000002,-65.0
140.3,-65.0
140.4,-65.0
140.5,-65.0
140.6,-65.0
140.70000000000002,-65.0
140.8,-65.0
140.9,-65.0
141.0,-65.0
141.1,-65.0
141.20000000000002,-65.0
141.3,-65.0
141.4,-65.0
141.50000000000003,-63.237140496264054
141.6,-60.96911419183477
141.70000000000002,-58.973612197911734
141.8,-56.14114106815184
141.9,-65.0
142.00000000000003,-65.0
142.1,-65.0
142.2,-65.0
142.3,-65.0
142.4,-65.0
142.50000000000003,-65.0
142.6,-65.0
142.7,-65.0
142.8,-65.0
142.9,-65.0
143.00000000000003,-65.0
143.1,-65.0
143.2,-65.0
143.3,-65.0
143.4,-65.0
143.50000000000003,-65.0
143.6,-65.0
143.7,-65.0
143.8,-65.0
143.9,-65.0
144.00000000000003,-65.0
144.1,-65.0
144.2,-65.0
144.3,-65.0
144.4,-65.0
144.50000000000003,-65.0
144.6,-65.0
144.7,-65.0
144.8,-65.0
144.9,-65.0
145.00000000000003,-65.0
145.1,-65.0
145.2,-65.0
145.3,-65.0
145.4,-65.0
145.50000000000003,-65.0
145.6,-65.0
145.7,-65.0
145.8,-65.0
145.9,-65.0
146.00000000000003,-65.0
146.1,-65.0
146.2,-65.0
146.3,-65.0
146.4,-65.0
146.50000000000003,-65.0
146.6,-65.0
146.7,-65.0
146.8,-65.0
146.9,-65.0
147.00000000000003,-65.0
147.10000000000002,-62.70107341131595
147.2,-61.20594919109214
147.3,-58.735964198044705
147.4,-56.995633152389814
147.50000000000003,-55.06847740872853
147.60000000000002,-65.0
147.7,-65.0
147.8,-65.0
147.9,-65.0
148.00000000000003,-65.0
148.10000000000002,-65.0
148.2,-65.0
148.3,-65.0
148.4,-65.0
148.50000000000003,-65.0
148.60000000000002,-65.0
148.7,-65.0
148.8,-65.0
148.9,-65.0
149.0,-65.0
149.10000000000002,-65.0
149.2,-65.0
149.3,-65.0
149.4,-65.0
149.5,-65.0
149.60000000000002,-65.0
149.7,-65.0
149.8,-65.0
149.9,-65.0
150.0,-65.0
150.10000000000002,-65.0
150.2,-65.0
150.3,-65.0
150.4,-65.0
150.5,-65.0
150.60000000000002,-65.0
150.7,-65.0
150.8,-65.0
150.9,-65.0
151.0,-65.0
151.10000000000002,-65.0
151.2,-65.0
151.3,-65.0
151.4,-65.0
151.5,-65.0
151.60000000000002,-65.0
151.7,-65.0
151.8,-65.0
151.9,-65.0
152.0,-65.0
152.10000000000002,-65.0
152.2,-65.0
152.3,-65.0
152.4,-65.0
152.5,-65.0
152.60000000000002,-65.0
152.7,-65.0
152.8,-62.78537158648219
152.9,-60.56594658801322
153.0,-58.38352173362539
153.10000000000002,-56.45658763518485
153.2,-65.0
153.3,-65.0
153.4,-65.0
153.5,-65.0
153.60000000000002,-65.0
153.70000000000002,-65.0
153.8,-65.0
153.9,-65.0
154.0,-65.0
154.10000000000002,-65.0
154.20000000000002,-65.0
154.3,-65.0
154.4,-65.0
154.5,-65.0
154.60000000000002,-65.0
154.70000000000002,-65.0
154.8,-65.0
154.9,-65.0
155.0,-65.0
155.10000000000002,-65.0
155.20000000000002,-65.0
155.29999999999998,-65.0
155.4,-65.0
155.5,-65.0
155.60000000000002,-65.0
155.70000000000002,-65.0
155.79999999999998,-65.0
155.9,-65.0
156.0,-65.0
156.10000000000002,-65.0
156.20000000000002,-65.0
156.29999999999998,-65.0
156.4,-65.0
156.5,-65.0
156.60000000000002,-65.0
156.70000000000002,-65.0
156.79999999999998,-65.0
156.9,-65.0
157.0,-65.0
157.10000000000002,-65.0
157.20000000000002,-65.0
157.29999999999998,-65.0
157.4,-65.0
157.5,-65.0
157.60000000000002,-65.0
157.70000000000002,-65.0
157.79999999999998,-65.0
157.9,-65.0
158.0,-65.0
158.10000000000002,-65.0
158.20000000000002,-65.0
158.29999999999998,-65.0
158.4,-63.92808333043747
158.5,-61.92347345123466
158.60000000000002,-59.60446648159135
158.70000000000002,-57.479590548699036
158.79999999999998,-55.80642246038309
158.9,-65.0
159.0,-65.0
159.10000000000002,-65.0
159.20000000000002,-65.0
159.3,-65.0
159.4,-65.0
159.5,-65.0
159.60000000000002,-65.0
159.70000000000002,-65.0
159.8,-65.0
159.9,-65.0
160.0,-65.0
160.10000000000002,-65.0
160.20000000000002,-65.0
160.3,-65.0
160.4,-65.0
160.5,-65.0
160.60000000000002,-65.0
160.70000000000002,-65.0
160.8,-65.0
160.9,-65.0
161.0,-65.0
161.10000000000002,-65.0
161.20000000000002,-65.0
161.3,-65.0
161.4,-65.0
161.5,-65.0
161.60000000000002,-65.0
161.70000000000002,-65.0
161.8,-65.0
161.9,-65.0
162.0,-65.0
162.1,-65.0
162.20000000000002,-65.0
162.3,-65.0
162.4,-65.0
162.5,-65.0
162.6,-65.0
162.70000000000002,-65.0
162.8,-65.0
162.9,-65.0
163.0,-65.0
163.1,-65.0
163.20000000000002,-65.0
163.3,-65.0
163.4,-65.0
163.5,-65.0
163.6,-65.0
163.70000000000002,-65.0
163.8,-65.0
163.9,-65.0
164.0,-65.0
164.1,-63.705811125424965
164.20000000000002,-61.47194096282875
164.3,-59.19390230005844
164.4,-57.020593168805966
164.5,-65.0
164.6,-65.0
164.70000000000002,-65.0
164.8,-65.0
164.9,-65.0
165.0,-65.0
165.1,-65.0
165.20000000000002,-65.0
165.3,-65.0
165.4,-65.0
165.5,-65.0
165.6,-65.0
165.70000000000002,-65.0
165.8,-65.0
165.9,-65.0
166.0,-65.0
166.1,-65.0
166.20000000000002,-65.0
166.3,-65.0
166.40000000000003,-65.0
166.5,-65.0
166.6,-65.0
166.70000000000002,-65.0
166.8,-65.0
166.90000000000003,-65.0
167.0,-65.0
167.1,-65.0
167.20000000000002,-65.0
167.3,-65.0
167.40000000000003,-65.0
167.5,-65.0
167.6,-65.0
167.70000000000002,-65.0
167.8,-65.0
167.90000000000003,-65.0
168.0,-65.0
168.1,-65.0
168.20000000000002,-65.0
168.3,-65.0
168.40000000000003,-65.0
168.5,-65.0
168.6,-65.0
168.70000000000002,-65.0
168.8,-65.0
168.9,-65.0
169.0,-65.0
169.1,-65.0
169.20000000000002,-65.0
169.3,-65.0
169.4,-65.0
169.5,-65.0
169.6,-65.0
169.70000000000002,-63.088138629472866
169.8,-59.79185706978651
169.9,-57.53344168472502
170.0,-55.71802407864012
170.1,-65.0
170.20000000000002,-65.0
170.3,-65.0
170.4,-65.0
170.5,-65.0
170.6,-65.0
170.70000000000002,-65.0
170.8,-65.0
170.9,-65.0
171.0,-65.0
171.1,-65.0
171.20000000000002,-65.0
171.3,-65.0
171.4,-65.0
171.5,-65.0
171.6,-65.0
171.70000000000002,-65.0
171.8,-65.0
171.9,-65.0
172.0,-65.0
172.1,-65.0
172.20000000000002,-65.0
172.3,-65.0
172.4,-65.0
172.50000000000003,-65.0
172.6,-65.0
172.70000000000002,-65.0
172.8,-65.0
172.9,-65.0
173.00000000000003,-65.0
173.1,-65.0
173.20000000000002,-65.0
173.3,-65.0
173.4,-65.0
173.50000000000003,-65.0
173.6,-65.0
173.70000000000002,-65.0
173.8,-65.0
173.9,-65.0
174.00000000000003,-65.0
174.1,-65.0
174.20000000000002,-65.0
174.3,-65.0
174.4,-65.0
174.50000000000003,-65.0
174.6,-65.0
174.70000000000002,-65.0
174.8,-65.0
174.9,-65.0
175.00000000000003,-65.0
175.1,-65.0
175.2,-65.0
175.3,-63.406334429556416
175.4,-60.51857635022956
175.50000000000003,-58.799715958019846
175.6,-56.94292312862571
175.7,-55.35402410874327
175.8,-65.0
175.9,-65.0
176.00000000000003,-65.0
176.1,-65.0
176.2,-65.0
176.3,-65.0
176.4,-65.0
176.50000000000003,-65.0
176.6,-65.0
176.7,-65.0
176.8,-65.0
176.9,-65.0
177.00000000000003,-65.0
177.1,-65.0
177.2,-65.0
177.3,-65.0
177.4,-65.0
177.50000000000003,-65.0
177.6,-65.0
177.7,-65.0
177.8,-65.0
177.9,-65.0
178.00000000000003,-65.0
178.1,-65.0
178.2,-65.0
178.3,-65.0
178.4,-65.0
178.50000000000003,-65.0
178.60000000000002,-65.0
178.7,-65.0
178.8,-65.0
178.9,-65.0
179.00000000000003,-65.0
179.10000000000002,-65.0
179.2,-65.0
179.3,-65.0
179.4,-65.0
179.50000000000003,-65.0
179.60000000000002,-65.0
179.7,-65.0
179.8,-65.0
179.9,-65.0
180.00000000000003,-65.0
180.10000000000002,-65.0
180.2,-65.0
180.3,-65.0
180.4,-65.0
180.50000000000003,-65.0
180.60000000000002,-65.0
180.7,-65.0
180.8,-65.0
180.9,-65.0
181.00000000000003,-63.203644599429744
181.10000000000002,-61.0093210339735
181.2,-58.56969156908995
181.3,-55.76647810336486
181.4,-65.0
181.50000000000003,-65.0
181.60000000000002,-65.0
181.7,-65.0
181.8,-65.0
181.9,-65.0
182.0,-65.0
182.10000000000002,-65.0
182.2,-65.0
182.3,-65.0
182.4,-65.0
182.5,-65.0
182.60000000000002,-65.0
182.7,-65.0
182.8,-65.0
182.9,-65.0
183.0,-65.0
183.10000000000002,-65.0
183.2,-65.0
183.3,-65.0
183.4,-65.0
183.5,-65.0
183.60000000000002,-65.0
183.7,-65.0
183.8,-65.0
183.9,-65.0
184.0,-65.0
184.10000000000002,-65.0
184.2,-65.0
184.3,-65.0
184.4,-65.0
184.5,-65.0
184.60000000000002,-65.0
184.70000000000002,-65.0
184.8,-65.0
184.9,-65.0
185.0,-65.0
185.10000000000002,-65.0
185.20000000000002,-65.0
185.3,-65.0
185.4,-65.0
185.5,-65.0
185.60000000000002,-65.0
185.70000000000002,-65.0
185.8,-65.0
185.9,-65.0
186.0,-65.0
186.10000000000002,-65.0
186.20000000000002,-65.0
186.3,-65.0
186.4,-65.0
186.5,-65.0
186.60000000000002,-62.632344457523665
186.70000000000002,-60.764638822062665
186.8,-58.6237909468857
186.9,-57.267169430168714
187.0,-55.97044595269769
187.10000000000002,-65.0
187.20000000000002,-65.0
187.3,-65.0
187.4,-65.0
187.5,-65.0
187.60000000000002,-65.0
187.70000000000002,-65.0
187.8,-65.0
187.9,-65.0
188.0,-65.0
188.10000000000002,-65.0
188.20000000000002,-65.0
188.29999999999998,-65.0
188.4,-65.0
188.5,-65.0
188.60000000000002,-65.0
188.70000000000002,-65.0
188.79999999999998,-65.0
188.9,-65.0
189.0,-65.0
189.10000000000002,-65.0
189.20000000000002,-65.0
189.29999999999998,-65.0
189.4,-65.0
189.5,-65.0
189.60000000000002,-65.0
189.70000000000002,-65.0
189.79999999999998,-65.0
189.9,-65.0
190.0,-65.0
190.10000000000002,-65.0
190.20000000000002,-65.0
190.29999999999998,-65.0
190.4,-65.0
190.5,-65.0
190.60000000000002,-65.0
190.70000000000002,-65.0
190.8,-65.0
190.9,-65.0
191.0,-65.0
191.10000000000002,-65.0
191.20000000000002,-65.0
191.3,-65.0
191.4,-65.0
191.5,-65.0
191.60000000000002,-65.0
191.70000000000002,-65.0
191.8,-65.0
191.9,-65.0
192.0,-65.0
192.10000000000002,-65.0
192.20000000000002,-65.0
192.3,-62.74756093850084
192.4,-60.97801897964802
192.5,-60.11369573379715
192.60000000000002,-57.551076115547815
192.70000000000002,-56.12946484773231
192.8,-65.0
192.9,-65.0
193.0,-65.0
193.10000000000002,-65.0
193.20000000000002,-65.0
193.3,-65.0
193.4,-65.0
193.5,-65.0
193.60000000000002,-65.0
193.70000000000002,-65.0
193.8,-65.0
193.9,-65.0
194.0,-65.0
194.10000000000002,-65.0
194.20000000000002,-65.0
194.3,-65.0
194.4,-65.0
194.5,-65.0
194.60000000000002,-65.0
194.70000000000002,-65.0
194.8,-65.0
194.9,-65.0
195.0,-65.0
195.1,-65.0
195.20000000000002,-65.0
195.3,-65.0
195.4,-65.0
195.5,-65.0
195.6,-65.0
195.70000000000002,-65.0
195.8,-65.0
195.9,-65.0
196.0,-65.0
196.1,-65.0
196.20000000000002,-65.0
196.3,-65.0
196.4,-65.0
196.5,-65.0
196.6,-65.0
196.70000000000002,-65.0
196.8,-65.0
196.9,-65.0
197.0,-65.0
197.1,-65.0
197.20000000000002,-65.0
197.3,-65.0
197.40000000000003,-65.0
197.5,-65.0
197.6,-65.0
197.70000000000002,-65.0
197.8,-65.0
197.90000000000003,-65.0
198.0,-63.30515205450342
198.1,-61.28800103823516
198.20000000000002,-59.391145413279986
198.3,-56.75448559916285
198.40000000000003,-65.0
198.5,-65.0
198.6,-65.0
198.70000000000002,-65.0
198.8,-65.0
198.90000000000003,-65.0
199.0,-65.0
199.1,-65.0
199.20000000000002,-65.0
199.3,-65.0
199.40000000000003,-65.0
199.5,-65.0
199.6,-65.0
199.70000000000002,-65.0
199.8,-65.0
199.90000000000003,-65.0
200.0,-65.0
200.1,-65.0
200.20000000000002,-65.0
200.3,-65.0
200.40000000000003,-65.0
200.5,-65.0
200.6,-65.0
200.70000000000002,-65.0
200.8,-65.0
200.90000000000003,-65.0
201.0,-65.0
201.1,-65.0
201.20000000000002,-65.0
201.3,-65.0
201.40000000000003,-65.0
201.5,-65.0
201.6,-65.0
201.70000000000002,-65.0
201.8,-65.0
201.9,-65.0
202.0,-65.0
202.1,-65.0
202.20000000000002,-65.0
202.3,-65.0
202.4,-65.0
202.5,-65.0
202.6,-65.0
202.70000000000002,-65.0
202.8,-65.0
202.9,-65.0
203.0,-65.0
203.1,-65.0
203.20000000000002,-65.0
203.3,-65.0
203.4,-65.0
203.5,-65.0
203.6,-63.24029095051914
203.70000000000002,-60.886029077457394
203.8,-58.54040510873029
203.9,-55.916118181358485
204.00000000000003,-65.0
204.1,-65.0
204.20000000000002,-65.0
204.3,-65.0
204.4,-65.0
204.50000000000003,-65.0
204.6,-65.0
204.70000000000002,-65.0
204.8,-65.0
204.9,-65.0
205.00000000000003,-65.0
205.1,-65.0
205.20000000000002,-65.0
205.3,-65.0
205.4,-65.0
205.50000000000003,-65.0
205.6,-65.0
205.70000000000002,-65.0
205.8,-65.0
205.9,-65.0
206.00000000000003,-65.0
206.1,-65.0
206.20000000000002,-65.0
206.3,-65.0
206.4,-65.0
206.50000000000003,-65.0
206.6,-65.0
206.70000000000002,-65.0
206.8,-65.0
206.9,-65.0
207.00000000000003,-65.0
207.1,-65.0
207.20000000000002,-65.0
207.3,-65.0
207.4,-65.0
207.50000000000003,-65.0
207.6,-65.0
207.70000000000002,-65.0
207.8,-65.0
207.9,-65.0
208.00000000000003,-65.0
208.1,-65.0
208.2,-65.0
208.3,-65.0
208.4,-65.0
208.50000000000003,-65.0
208.6,-65.0
208.7,-65.0
208.8,-65.0
208.9,-65.0
209.00000000000003,-65.0
209.1,-65.0
209.2,-62.9102586161893
209.3,-60.647249908458484
209.4,-58.21498050656505
209.50000000000003,-55.73389945523483
209.60000000000002,-65.0
209.7,-65.0
209.8,-65.0
209.9,-65.0
210.00000000000003,-65.0
210.10000000000002,-65.0
210.2,-65.0
210.3,-65.0
210.4,-65.0
210.50000000000003,-65.0
210.60000000000002,-65.0
210.7,-65.0
210.8,-65.0
210.9,-65.0
211.00000000000003,-65.0
211.10000000000002,-65.0
211.2,-65.0
211.3,-65.0
211.4,-65.0
211.50000000000003,-65.0
211.60000000000002,-65.0
211.7,-65.0
211.8,-65.0
211.9,-65.0
212.00000000000003,-65.0
212.10000000000002,-65.0
212.2,-65.0
212.3,-65.0
212.4,-65.0
212.50000000000003,-65.0
212.60000000000002,-65.0
212.7,-65.0
212.8,-65.0
212.9,-65.0
213.00000000000003,-65.0
213.10000000000002,-65.0
213.2,-65.0
213.3,-65.0
213.4,-65.0
213.50000000000003,-65.0
213.60000000000002,-65.0
213.7,-65.0
213.8,-65.0
213.9,-65.0
214.00000000000003,-65.0
214.10000000000002,-65.0
214.2,-65.0
214.3,-65.0
214.4,-65.0
214.50000000000003,-65.0
214.60000000000002,-65.0
214.7,-65.0
214.8,-63.33796655490328
214.9,-61.91160352845728
215.0,-60.12046723559003
215.10000000000002,-58.53245925833264
215.2,-56.27294817158798
215.3,-65.0
215.4,-65.0
215.5,-65.0
215.60000000000002,-65.0
215.7,-65.0
215.8,-65.0
215.9,-65.0
216.0,-65.0
216.10000000000002,-65.0
216.20000000000002,-65.0
216.3,-65.0
216.4,-65.0
216.5,-65.0
216.60000000000002,-65.0
216.70000000000002,-65.0
216.8,-65.0
216.9,-65.0
217.0,-65.0
217.10000000000002,-65.0
217.20000000000002,-65.0
217.3,-65.0
217.4,-65.0
217.5,-65.0
217.60000000000002,-65.0
217.70000000000002,-65.0
217.8,-65.0
217.9,-65.0
218.0,-65.0
218.10000000000002,-65.0
218.20000000000002,-65.0
218.3,-65.0
218.4,-65.0
218.5,-65.0
218.60000000000002,-65.0
218.70000000000002,-65.0
218.8,-65.0
218.9,-65.0
219.0,-65.0
219.10000000000002,-65.0
219.20000000000002,-65.0
219.3,-65.0
219.4,-65.0
219.5,-65.0
219.60000000000002,-65.0
219.70000000000002,-65.0
219.8,-65.0
219.9,-65.0
220.0,-65.0
220.10000000000002,-65.0
220.20000000000002,-65.0
220.3,-65.0
220.4,-65.0
220.5,-62.40427838845964
220.60000000000002,-60.193474490838994
220.70000000000002,-58.200552782250334
220.8,-56.78292899098372
220.9,-55.09609123752656
221.0,-65.0
221.10000000000002,-65.0
221.20000000000002,-65.0
221.3,-65.0
221.4,-65.0
221.5,-65.0
221.60000000000002,-65.0
221.70000000000002,-65.0
221.8,-65.0
221.9,-65.0
222.0,-65.0
222.10000000000002,-65.0
222.20000000000002,-65.0
222.3,-65.0
222.4,-65.0
222.5,-65.0
222.60000000000002,-65.0
222.70000000000002,-65.0
222.8,-65.0
222.9,-65.0
223.0,-65.0
223.10000000000002,-65.0
223.20000000000002,-65.0
223.3,-65.0
223.4,-65.0
223.5,-65.0
223.60000000000002,-65.0
223.70000000000002,-65.0
223.8,-65.0
223.9,-65.0
224.0,-65.0
224.10000000000002,-65.0
224.20000000000002,-65.0
224.3,-65.0
224.4,-65.0
224.5,-65.0
224.60000000000002,-65.0
224.70000000000002,-65.0
224.8,-65.0
224.9,-65.0
225.0,-65.0
225.10000000000002,-65.0
225.20000000000002,-65.0
225.3,-65.0
225.4,-65.0
225.5,-65.0
225.60000000000002,-65.0
225.70000000000002,-65.0
225.8,-65.0
225.9,-65.0
226.0,-65.0
226.10000000000002,-65.0
226.20000000000002,-63.592310698316865
226.3,-61.644114093571396
226.4,-60.71322802052777
226.5,-59.427510293358715
226.60000000000002,-57.319537366384
226.70000000000002,-55.856184631002485
226.8,-65.0
226.9,-65.0
227.0,-65.0
227.10000000000002,-65.0
227.20000000000002,-65.0
227.3,-65.0
227.4,-65.0
227.5,-65.0
227.60000000000002,-65.0
227.70000000000002,-65.0
227.8,-65.0
227.9,-65.0
228.0,-65.0
228.1,-65.0
228.20000000000002,-65.0
228.3,-65.0
228.4,-65.0
228.5,-65.0
228.6,-65.0
228.70000000000002,-65.0
228.8,-65.0
228.90000000000003,-65.0
229.0,-65.0
229.1,-65.0
229.20000000000002,-65.0
229.3,-65.0
229.40000000000003,-65.0
229.5,-65.0
229.6,-65.0
229.70000000000002,-65.0
229.8,-65.0
229.90000000000003,-65.0
230.0,-65.0
230.1,-65.0
230.20000000000002,-65.0
230.3,-65.0
230.40000000000003,-65.0
230.5,-65.0
230.6,-65.0
230.70000000000002,-65.0
230.8,-65.0
230.90000000000003,-65.0
231.0,-65.0
231.1,-65.0
231.20000000000002,-65.0
231.3,-65.0
231.40000000000003,-65.0
231.5,-65.0
231.6,-65.0
231.70000000000002,-65.0
231.8,-65.0
231.90000000000003,-65.0
232.0,-62.97689559133614
232.1,-60.635569209803435
232.20000000000002,-58.384361987372834
232.3,-56.754213216317574
232.40000000000003,-65.0
232.5,-65.0
232.6,-65.0
232.70000000000002,-65.0
232.8,-65.0
232.90000000000003,-65.0
233.0,-65.0
233.1,-65.0
233.20000000000002,-65.0
233.3,-65.0
233.40000000000003,-65.0
233.5,-65.0
233.6,-65.0
233.70000000000002,-65.0
233.8,-65.0
233.90000000000003,-65.0
234.0,-65.0
234.1,-65.0
234.20000000000002,-65.0
234.3,-65.0
234.40000000000003,-65.0
234.5,-65.0
234.6,-65.0
234.70000000000002,-65.0
234.8,-65.0
234.9,-65.0
235.00000000000003,-65.0
235.1,-65.0
235.20000000000002,-65.0
235.3,-65.0
235.4,-65.0
235.50000000000003,-65.0
235.6,-65.0
235.70000000000002,-65.0
235.8,-65.0
235.9,-65.0
236.00000000000003,-65.0
236.1,-65.0
236.20000000000002,-65.0
236.3,-65.0
236.4,-65.0
236.50000000000003,-65.0
236.6,-65.0
236.70000000000002,-65.0
236.8,-65.0
236.9,-65.0
237.00000000000003,-65.0
237.1,-65.0
237.20000000000002,-65.0
237.3,-65.0
237.4,-65.0
237.50000000000003,-65.0
237.6,-63.174140710402924
237.70000000000002,-61.616943441364164
237.8,-60.11930900647054
237.9,-58.488467825857086
238.00000000000003,-57.50416566792653
238.1,-65.0
238.20000000000002,-65.0
238.3,-65.0
238.4,-65.0
238.50000000000003,-65.0
238.6,-65.0
238.70000000000002,-65.0
238.8,-65.0
238.9,-65.0
239.00000000000003,-65.0
239.1,-65.0
239.20000000000002,-65.0
239.3,-65.0
239.4,-65.0
239.50000000000003,-65.0
239.6,-65.0
239.70000000000002,-65.0
239.8,-65.0
239.9,-65.0
240.00000000000003,-65.0
240.1,-65.0
240.20000000000002,-65.0
240.3,-65.0
240.4,-65.0
240.50000000000003,-65.0
240.6,-65.0
240.70000000000002,-65.0
240.8,-65.0
240.9,-65.0
241.00000000000003,-65.0
241.10000000000002,-65.0
241.2,-65.0
241.3,-65.0
241.4,-65.0
241.50000000000003,-65.0
241.60000000000002,-65.0
241.7,-65.0
241.8,-65.0
241.9,-65.0
242.00000000000003,-65.0
242.10000000000002,-65.0
242.2,-65.0
242.3,-65.0
242.4,-65.0
242.50000000000003,-65.0
242.60000000000002,-65.0
242.7,-65.0
242.8,-65.0
242.9,-65.0
243.00000000000003,-65.0
243.10000000000002,-65.0
243.2,-65.0
243.3,-62.97100079639462
243.4,-60.46423536411193
243.50000000000003,-58.490723821647556
243.60000000000002,-56.22234761906326
243.7,-65.0
243.8,-65.0
243.9,-65.0
244.00000000000003,-65.0
244.10000000000002,-65.0
244.2,-65.0
244.3,-65.0
244.4,-65.0
244.50000000000003,-65.0
244.60000000000002,-65.0
244.7,-65.0
244.8,-65.0
244.9,-65.0
245.00000000000003,-65.0
245.10000000000002,-65.0
245.2,-65.0
245.3,-65.0
245.4,-65.0
245.50000000000003,-65.0
245.60000000000002,-65.0
245.7,-65.0
245.8,-65.0
245.9,-65.0
246.00000000000003,-65.0
246.10000000000002,-65.0
246.2,-65.0
246.3,-65.0
246.4,-65.0
246.50000000000003,-65.0
246.60000000000002,-65.0
246.7,-65.0
246.8,-65.0
246.9,-65.0
247.00000000000003,-65.0
247.10000000000002,-65.0
247.20000000000002,-65.0
247.3,-65.0
247.4,-65.0
247.50000000000003,-65.0
247.60000000000002,-65.0
247.70000000000002,-65.0
247.8,-65.0
247.9,-65.0
248.0,-65.0
248.10000000000002,-65.0
248.20000000000002,-65.0
248.3,-65.0
248.4,-65.0
248.5,-65.0
248.60000000000002,-65.0
248.70000000000002,-65.0
248.8,-65.0
248.9,-63.166765168400254
249.0,-62.355172100045486
249.10000000000002,-59.273198234700764
249.20000000000002,-57.078803785843
249.3,-55.21825698838618
249.4,-65.0
249.5,-65.0
249.60000000000002,-65.0
249.70000000000002,-65.0
249.8,-65.0
249.9,-65.0
250.0,-65.0
250.1,-65.0
250.20000000000005,-65.0
250.3,-65.0
250.4,-65.0
250.5,-65.0
250.6,-65.0
250.70000000000005,-65.0
250.8,-65.0
250.9,-65.0
251.0,-65.0
251.1,-65.0
251.20000000000005,-65.0
251.3,-65.0
251.4,-65.0
251.5,-65.0
251.6,-65.0
251.70000000000005,-65.0
251.8,-65.0
251.9,-65.0
252.0,-65.0
252.1,-65.0
252.20000000000005,-65.0
252.3,-65.0
252.4,-65.0
252.5,-65.0
252.6,-65.0
252.70000000000005,-65.0
252.8,-65.0
252.9,-65.0
253.0,-65.0
253.1,-65.0
253.20000000000005,-65.0
253.3,-65.0
253.4,-65.0
253.5,-65.0
253.6,-65.0
253.70000000000005,-65.0
253.8,-65.0
253.9,-65.0
254.0,-65.0
254.1,-65.0
254.20000000000005,-65.0
254.30000000000004,-65.0
254.4,-65.0
254.5,-65.0
254.6,-62.424641100334064
254.70000000000005,-60.88394917218733
254.80000000000004,-58.93904969700876
254.9,-56.90421418503861
255.0,-55.06788625922589
255.1,-65.0
255.20000000000005,-65.0
255.30000000000004,-65.0
255.4,-65.0
255.5,-65.0
255.6,-65.0
255.70000000000005,-65.0
255.80000000000004,-65.0
255.9,-65.0
256.0,-65.0
256.1,-65.0
256.20000000000005,-65.0
256.3,-65.0
256.40000000000003,-65.0
256.5,-65.0
256.6,-65.0
256.70000000000005,-65.0
256.8,-65.0
256.90000000000003,-65.0
257.0,-65.0
257.1,-65.0
257.20000000000005,-65.0
257.3,-65.0
257.40000000000003,-65.0
257.5,-65.0
257.6,-65.0
257.7,-65.0
257.8,-65.0
257.90000000000003,-65.0
258.0,-65.0
258.1,-65.0
258.2,-65.0
258.3,-65.0
258.40000000000003,-65.0
258.5,-65.0
258.6,-65.0
258.7,-65.0
258.8,-65.0
258.90000000000003,-65.0
259.0,-65.0
259.1,-65.0
259.2,-65.0
259.3,-65.0
259.40000000000003,-65.0
259.5,-65.0
259.6,-65.0
259.7,-65.0
259.8,-65.0
259.90000000000003,-65.0
260.0,-65.0
260.1,-65.0
260.2,-65.0
260.3,-63.671209236934146
260.40000000000003,-61.483568762034665
260.5,-60.130459780166454
260.6,-59.18208069183901
260.7,-57.39279884259431
260.8,-55.64133372282689
260.90000000000003,-65.0
261.0,-65.0
261.1,-65.0
261.2,-65.0
261.3,-65.0
261.40000000000003,-65.0
261.5,-65.0
261.6,-65.0
261.7,-65.0
261.8,-65.0
261.90000000000003,-65.0
262.0,-65.0
262.1,-65.0
262.2,-65.0
262.3,-65.0
262.40000000000003,-65.0
262.5,-65.0
262.6,-65.0
262.7,-65.0
262.8,-65.0
262.90000000000003,-65.0
263.0,-65.0
263.1,-65.0
263.2,-65.0
263.3,-65.0
263.40000000000003,-65.0
263.5,-65.0
263.6,-65.0
263.7,-65.0
263.8,-65.0
263.90000000000003,-65.0
264.0,-65.0
264.1,-65.0
264.2,-65.0
264.3,-65.0
264.40000000000003,-65.0
264.5,-65.0
264.6,-65.0
264.7,-65.0
264.8,-65.0
264.90000000000003,-65.0
265.0,-65.0
265.1,-65.0
265.2,-65.0
265.3,-65.0
265.40000000000003,-65.0
265.5,-65.0
265.6,-65.0
265.7,-65.0
265.8,-65.0
265.90000000000003,-65.0
266.0,-65.0
266.1,-62.820193575697594
266.2,-61.2617115120803
266.3,-59.19685856986181
266.40000000000003,-56.795088306496474
266.5,-55.56427768371848
266.6,-65.0
266.7,-65.0
266.8,-65.0
266.90000000000003,-65.0
267.0,-65.0
267.1,-65.0
267.2,-65.0
267.3,-65.0
267.40000000000003,-65.0
267.5,-65.0
267.6,-65.0
267.7,-65.0
267.8,-65.0
267.90000000000003,-65.0
268.0,-65.0
268.1,-65.0
268.2,-65.0
268.3,-65.0
268.40000000000003,-65.0
268.5,-65.0
268.6,-65.0
268.7,-65.0
268.8,-65.0
268.90000000000003,-65.0
269.0,-65.0
269.1,-65.0
269.2,-65.0
269.3,-65.0
269.40000000000003,-65.0
269.5,-65.0
269.6,-65.0
269.7,-65.0
269.80000000000007,-65.0
269.90000000000003,-65.0
270.0,-65.0
270.1,-65.0
270.2,-65.0
270.30000000000007,-65.0
270.40000000000003,-65.0
270.5,-65.0
270.6,-65.0
270.7,-65.0
270.80000000000007,-65.0
270.90000000000003,-65.0
271.0,-65.0
271.1,-65.0
271.2,-65.0
271.3,-65.0
271.40000000000003,-65.0
271.5,-65.0
271.6,-65.0
271.7,-65.0
271.8,-63.55436157226188
271.90000000000003,-61.00506163694912
272.0,-59.01521721185123
272.1,-56.79444961032511
272.2,-65.0
272.3,-65.0
272.40000000000003,-65.0
272.5,-65.0
272.6,-65.0
272.7,-65.0
272.8,-65.0
272.90000000000003,-65.0
273.0,-65.0
273.1,-65.0
273.2,-65.0
273.3,-65.0
273.40000000000003,-65.0
273.5,-65.0
273.6,-65.0
273.7,-65.0
273.8,-65.0
273.90000000000003,-65.0
274.0,-65.0
274.1,-65.0
274.2,-65.0
274.3,-65.0
274.40000000000003,-65.0
274.5,-65.0
274.6,-65.0
274.7,-65.0
274.8,-65.0
274.90000000000003,-65.0
275.0,-65.0
275.1,-65.0
275.2,-65.0
275.3,-65.0
275.40000000000003,-65.0
275.5,-65.0
275.6,-65.0
275.7,-65.0
275.8,-65.0
275.90000000000003,-65.0
276.0,-65.0
276.1,-65.0
276.2,-65.0
276.3,-65.0
276.40000000000003,-65.0
276.5,-65.0
276.6,-65.0
276.7,-65.0
276.8,-65.0
276.90000000000003,-65.0
277.0,-65.0
277.1,-65.0
277.2,-65.0
277.3,-65.0
277.40000000000003,-63.6020006679631
277.5,-61.45208324175527
277.6,-58.75727811038666
277.7,-57.48899767239887
277.8,-55.29858566763759
277.90000000000003,-65.0
278.0,-65.0
278.1,-65.0
278.2,-65.0
278.3,-65.0
278.40000000000003,-65.0
278.5,-65.0
278.6,-65.0
278.7,-65.0
278.8,-65.0
278.90000000000003,-65.0
279.0,-65.0
279.1,-65.0
279.2,-65.0
279.3,-65.0
279.40000000000003,-65.0
279.5,-65.0
279.6,-65.0
279.7,-65.0
279.8,-65.0
279.90000000000003,-65.0
280.0,-65.0
280.1,-65.0
280.2,-65.0
280.3,-65.0
280.40000000000003,-65.0
280.5,-65.0
280.6,-65.0
280.7,-65.0
280.8,-65.0
280.90000000000003,-65.0
281.0,-65.0
281.1,-65.0
281.2,-65.0
281.3,-65.0
281.40000000000003,-65.0
281.5,-65.0
281.6,-65.0
281.7,-65.0
281.8,-65.0
281.90000000000003,-65.0
282.0,-65.0
282.1,-65.0
282.2,-65.0
282.3,-65.0
282.40000000000003,-65.0
282.50000000000006,-65.0
282.6,-65.0
282.7,-65.0
282.8,-65.0
282.90000000000003,-65.0
283.00000000000006,-65.0
283.1,-62.106164397477826
283.2,-59.33549334726597
283.3,-57.081611372153674
283.40000000000003,-55.18120078052924
283.50000000000006,-65.0
283.6,-65.0
283.7,-65.0
283.8,-65.0
283.90000000000003,-65.0
284.00000000000006,-65.0
284.1,-65.0
284.2,-65.0
284.3,-65.0
284.4,-65.0
284.50000000000006,-65.0
284.6,-65.0
284.7,-65.0
284.8,-65.0
284.9,-65.0
285.00000000000006,-65.0
285.1,-65.0
285.2,-65.0
285.3,-65.0
285.4,-65.0
285.50000000000006,-65.0
285.6,-65.0
285.7,-65.0
285.8,-65.0
285.9,-65.0
286.00000000000006,-65.0
286.1,-65.0
286.2,-65.0
286.3,-65.0
286.4,-65.0
286.50000000000006,-65.0
286.6,-65.0
286.7,-65.0
286.8,-65.0
286.9,-65.0
287.00000000000006,-65.0
287.1,-65.0
287.2,-65.0
287.3,-65.0
287.4,-65.0
287.50000000000006,-65.0
287.6,-65.0
287.7,-65.0
287.8,-65.0
287.9,-65.0
288.00000000000006,-65.0
288.1,-65.0
288.2,-65.0
288.3,-65.0
288.4,-65.0
288.50000000000006,-65.0
288.6,-65.0
288.7,-62.60583565691579
288.8,-60.24128780216341
288.9,-57.655333803180746
289.00000000000006,-55.066063874113006
289.1,-65.0
289.2,-65.0
289.3,-65.0
289.4,-65.0
289.50000000000006,-65.0
289.6,-65.0
289.7,-65.0
289.8,-65.0
289.9,-65.0
290.00000000000006,-65.0
290.1,-65.0
290.2,-65.0
290.3,-65.0
290.4,-65.0
290.50000000000006,-65.0
290.6,-65.0
290.7,-65.0
290.8,-65.0
290.9,-65.0
291.00000000000006,-65.0
291.1,-65.0
291.2,-65.0
291.3,-65.0
291.4,-65.0
291.50000000000006,-65.0
291.6,-65.0
291.7,-65.0
291.8,-65.0
291.9,-65.0
292.00000000000006,-65.0
292.1,-65.0
292.2,-65.0
292.3,-65.0
292.4,-65.0
292.50000000000006,-65.0
292.6,-65.0
292.7,-65.0
292.8,-65.0
292.9,-65.0
293.00000000000006,-65.0
293.1,-65.0
293.2,-65.0
293.3,-65.0
293.4,-65.0
293.50000000000006,-65.0
293.6,-65.0
293.7,-65.0
293.8,-65.0
293.9,-65.0
294.00000000000006,-65.0
294.1,-65.0
294.20000000000005,-65.0
294.3,-63.66539930179317
294.4,-61.66105387075683
294.50000000000006,-59.23574171985198
294.6,-57.42572368222548
294.70000000000005,-55.37179744686175
294.8,-65.0
294.9,-65.0
295.00000000000006,-65.0
295.1,-65.0
295.20000000000005,-65.0
295.3,-65.0
295.4,-65.0
295.50000000000006,-65.0
295.6,-65.0
295.70000000000005,-65.0
295.8,-65.0
295.9,-65.0
296.00000000000006,-65.0
296.1,-65.0
296.20000000000005,-65.0
296.3,-65.0
296.4,-65.0
296.50000000000006,-65.0
296.6,-65.0
296.70000000000005,-65.0
296.8,-65.0
296.9,-65.0
297.00000000000006,-65.0
297.1,-65.0
297.20000000000005,-65.0
297.3,-65.0
297.4,-65.0
297.5,-65.0
297.6,-65.0
297.70000000000005,-65.0
297.8,-65.0
297.9,-65.0
298.0,-65.0
298.1,-65.0
298.20000000000005,-65.0
298.3,-65.0
298.4,-65.0
298.5,-65.0
298.6,-65.0
298.70000000000005,-65.0
298.8,-65.0
298.9,-65.0
299.0,-65.0
299.1,-65.0
299.20000000000005,-65.0
299.3,-65.0
299.4,-65.0
299.5,-65.0
299.6,-65.0
299.70000000000005,-65.0
299.8,-65.0
299.9,-65.0
300.0,-62.56720512524252
300.1,-58.68085627322988
300.20000000000005,-56.02486925153899
300.3,-65.0
300.4,-65.0
300.5,-65.0
300.6,-65.0
300.70000000000005,-65.0
300.8,-65.0
300.9,-65.0
301.0,-65.0
301.1,-65.0
301.20000000000005,-65.0
301.3,-65.0
301.4,-65.0
301.5,-65.0
301.6,-65.0
301.70000000000005,-65.0
301.8,-65.0
301.9,-65.0
302.0,-65.0
302.1,-65.0
302.20000000000005,-65.0
302.3,-65.0
302.4,-65.0
302.5,-65.0
302.6,-65.0
302.70000000000005,-65.0
302.8,-65.0
302.9,-65.0
303.0,-65.0
303.1,-65.0
303.20000000000005,-65.0
303.3,-65.0
303.4,-65.0
303.5,-65.0
303.6,-65.0
303.70000000000005,-65.0
303.8,-65.0
303.9,-65.0
304.0,-65.0
304.1,-65.0
304.20000000000005,-65.0
304.3,-65.0
304.4,-65.0
304.5,-65.0
304.6,-65.0
304.70000000000005,-65.0
304.8,-65.0
304.9,-65.0
305.0,-65.0
305.1,-65.0
305.20000000000005,-65.0
305.3,-65.0
305.4,-65.0
305.5,-62.79223448870522
305.6,-60.84554191740022
305.70000000000005,-59.203857793428504
305.8,-57.40889116069559
305.9,-55.08930857977365
306.0,-65.0
306.1,-65.0
306.20000000000005,-65.0
306.3,-65.0
306.4,-65.0
306.5,-65.0
306.6,-65.0
306.70000000000005,-65.0
306.8,-65.0
306.90000000000003,-65.0
307.0,-65.0
307.1,-65.0
307.20000000000005,-65.0
307.3,-65.0
307.40000000000003,-65.0
307.5,-65.0
307.6,-65.0
307.70000000000005,-65.0
307.8,-65.0
307.90000000000003,-65.0
308.0,-65.0
308.1,-65.0
308.20000000000005,-65.0
308.3,-65.0
308.40000000000003,-65.0
308.5,-65.0
308.6,-65.0
308.70000000000005,-65.0
308.8,-65.0
308.90000000000003,-65.0
309.0,-65.0
309.1,-65.0
309.20000000000005,-65.0
309.3,-65.0
309.40000000000003,-65.0
309.5,-65.0
309.6,-65.0
309.70000000000005,-65.0
309.8,-65.0
309.90000000000003,-65.0
310.0,-65.0
310.1,-65.0
310.20000000000005,-65.0
310.3,-65.0
310.40000000000003,-65.0
310.5,-65.0
310.59999999999997,-65.0
310.70000000000005,-65.0
310.8,-65.0
310.90000000000003,-65.0
311.0,-65.0
311.09999999999997,-65.0
311.20000000000005,-62.47925385310285
311.3,-60.54555211949424
311.40000000000003,-59.55713178002247
311.5,-58.31106811500962
311.59999999999997,-56.39520797969003
311.70000000000005,-65.0
311.8,-65.0
311.90000000000003,-65.0
312.0,-65.0
312.09999999999997,-65.0
312.20000000000005,-65.0
312.3,-65.0
312.40000000000003,-65.0
312.5,-65.0
312.59999999999997,-65.0
312.70000000000005,-65.0
312.8,-65.0
312.90000000000003,-65.0
313.0,-65.0
313.09999999999997,-65.0
313.20000000000005,-65.0
313.3,-65.0
313.40000000000003,-65.0
313.5,-65.0
313.59999999999997,-65.0
313.70000000000005,-65.0
313.8,-65.0
313.90000000000003,-65.0
314.0,-65.0
314.09999999999997,-65.0
314.20000000000005,-65.0
314.3,-65.0
314.40000000000003,-65.0
314.5,-65.0
314.59999999999997,-65.0
314.70000000000005,-65.0
314.8,-65.0
314.90000000000003,-65.0
315.0,-65.0
315.09999999999997,-65.0
315.20000000000005,-65.0
315.3,-65.0
315.40000000000003,-65.0
315.5,-65.0
315.59999999999997,-65.0
315.70000000000005,-65.0
315.8,-65.0
315.90000000000003,-65.0
316.0,-65.0
316.09999999999997,-65.0
316.20000000000005,-65.0
316.3,-65.0
316.40000000000003,-65.0
316.5,-65.0
316.59999999999997,-65.0
316.70000000000005,-65.0
316.8,-65.0
316.90000000000003,-63.21349834276312
317.0,-61.28325329988445
317.09999999999997,-59.433383963954675
317.20000000000005,-57.31098937947664
317.3,-55.8833203085037
317.40000000000003,-65.0
317.5,-65.0
317.59999999999997,-65.0
317.70000000000005,-65.0
317.8,-65.0
317.90000000000003,-65.0
318.0,-65.0
318.09999999999997,-65.0
318.20000000000005,-65.0
318.3,-65.0
318.40000000000003,-65.0
318.5,-65.0
318.6,-65.0
318.70000000000005,-65.0
318.8,-65.0
318.90000000000003,-65.0
319.0,-65.0
319.1,-65.0
319.20000000000005,-65.0
319.3,-65.0
319.40000000000003,-65.0
319.5,-65.0
319.6,-65.0
319.70000000000005,-65.0
319.8,-65.0
319.90000000000003,-65.0
320.0,-65.0
320.1,-65.0
320.20000000000005,-65.0
320.3,-65.0
320.40000000000003,-65.0
320.5,-65.0
320.6,-65.0
320.70000000000005,-65.0
320.8,-65.0
320.90000000000003,-65.0
321.0,-65.0
321.1,-65.0
321.20000000000005,-65.0
321.3,-65.0
321.40000000000003,-65.0
321.5,-65.0
321.6,-65.0
321.70000000000005,-65.0
321.8,-65.0
321.90000000000003,-65.0
322.0,-65.0
322.1,-65.0
322.20000000000005,-65.0
322.3,-65.0
322.40000000000003,-65.0
322.5,-65.0
322.6,-63.92671395725456
322.70000000000005,-61.23812911405707
322.8,-59.45073450079523
322.90000000000003,-57.76581950066685
323.0,-57.07063802822355
323.1,-55.41738597487251
323.20000000000005,-65.0
323.3,-65.0
323.40000000000003,-65.0
323.5,-65.0
323.6,-65.0
323.70000000000005,-65.0
323.8,-65.0
323.90000000000003,-65.0
324.0,-65.0
324.1,-65.0
324.2,-65.0
324.3,-65.0
324.40000000000003,-65.0
324.5,-65.0
324.6,-65.0
324.7,-65.0
324.8,-65.0
324.90000000000003,-65.0
325.0,-65.0
325.1,-65.0
325.2,-65.0
325.3,-65.0
325.40000000000003,-65.0
325.5,-65.0
325.6,-65.0
325.7,-65.0
325.8,-65.0
325.90000000000003,-65.0
326.0,-65.0
326.1,-65.0
326.2,-65.0
326.3,-65.0
326.40000000000003,-65.0
326.5,-65.0
326.6,-65.0
326.7,-65.0
326.8,-65.0
326.90000000000003,-65.0
327.0,-65.0
327.1,-65.0
327.2,-65.0
327.3,-65.0
327.40000000000003,-65.0
327.5,-65.0
327.6,-65.0
327.7,-65.0
327.8,-65.0
327.90000000000003,-65.0
328.0,-65.0
328.1,-65.0
328.2,-65.0
328.3,-65.0
328.40000000000003,-62.48065543696198
328.5,-60.63649776135788
328.6,-59.16634917156763
328.7,-56.373467203254485
328.8,-65.0
328.90000000000003,-65.0
329.0,-65.0
329.1,-65.0
329.2,-65.0
329.3,-65.0
329.40000000000003,-65.0
329.5,-65.0
329.6,-65.0
329.7,-65.0
329.8,-65.0
329.90000000000003,-65.0
330.0,-65.0
330.1,-65.0
330.2,-65.0
330.3,-65.0
330.40000000000003,-65.0
330.5,-65.0
330.6,-65.0
330.7,-65.0
330.8,-65.0
330.90000000000003,-65.0
331.0,-65.0
331.1,-65.0
331.2,-65.0
331.3,-65.0
331.40000000000003,-65.0
331.5,-65.0
331.6,-65.0
331.7,-65.0
331.8,-65.0
331.90000000000003,-65.0
332.0,-65.0
332.1,-65.0
332.2,-65.0
332.30000000000007,-65.0
332.40000000000003,-65.0
332.5,-65.0
332.6,-65.0
332.7,-65.0
332.80000000000007,-65.0
332.90000000000003,-65.0
333.0,-65.0
333.1,-65.0
333.2,-65.0
333.30000000000007,-65.0
333.40000000000003,-65.0
333.5,-65.0
333.6,-65.0
333.7,-65.0
333.80000000000007,-65.0
333.90000000000003,-65.0
334.0,-62.751137992297686
334.1,-60.82607511135707
334.2,-59.17043739077483
334.30000000000007,-57.101004178451795
334.40000000000003,-65.0
334.5,-65.0
334.6,-65.0
334.7,-65.0
334.80000000000007,-65.0
334.90000000000003,-65.0
335.0,-65.0
335.1,-65.0
335.2,-65.0
335.30000000000007,-65.0
335.40000000000003,-65.0
335.5,-65.0
335.6,-65.0
335.7,-65.0
335.80000000000007,-65.0
335.90000000000003,-65.0
336.0,-65.0
336.1,-65.0
336.2,-65.0
336.30000000000007,-65.0
336.40000000000003,-65.0
336.5,-65.0
336.6,-65.0
336.7,-65.0
336.80000000000007,-65.0
336.90000000000003,-65.0
337.0,-65.0
337.1,-65.0
337.2,-65.0
337.3,-65.0
337.40000000000003,-65.0
337.5,-65.0
337.6,-65.0
337.7,-65.0
337.8,-65.0
337.90000000000003,-65.0
338.0,-65.0
338.1,-65.0
338.2,-65.0
338.3,-65.0
338.40000000000003,-65.0
338.5,-65.0
338.6,-65.0
338.7,-65.0
338.8,-65.0
338.90000000000003,-65.0
339.0,-65.0
339.1,-65.0
339.2,-65.0
339.3,-65.0
339.40000000000003,-65.0
339.5,-65.0
339.6,-62.61621662586012
339.7,-61.26165481929963
339.8,-58.73204794722924
339.90000000000003,-56.137036722413875
340.0,-65.0
340.1,-65.0
340.2,-65.0
340.3,-65.0
340.40000000000003,-65.0
340.5,-65.0
340.6,-65.0
340.7,-65.0
340.8,-65.0
340.90000000000003,-65.0
341.0,-65.0
341.1,-65.0
341.2,-65.0
341.3,-65.0
341.40000000000003,-65.0
341.5,-65.0
341.6,-65.0
341.7,-65.0
341.8,-65.0
341.90000000000003,-65.0
342.0,-65.0
342.1,-65.0
342.2,-65.0
342.3,-65.0
342.40000000000003,-65.0
342.5,-65.0
342.6,-65.0
342.7,-65.0
342.8,-65.0
342.90000000000003,-65.0
343.0,-65.0
343.1,-65.0
343.2,-65.0
343.3,-65.0
343.40000000000003,-65.0
343.5,-65.0
343.6,-65.0
343.7,-65.0
343.8,-65.0
343.90000000000003,-65.0
344.0,-65.0
344.1,-65.0
344.2,-65.0
344.3,-65.0
344.40000000000003,-65.0
344.5,-65.0
344.6,-65.0
344.7,-65.0
344.8,-65.0
344.90000000000003,-65.0
345.00000000000006,-65.0
345.1,-65.0
345.2,-63.37196698919127
345.3,-61.82483144072124
345.40000000000003,-60.15607955752708
345.50000000000006,-58.723423600859356
345.6,-57.27086732340343
345.7,-55.377789127506425
345.8,-65.0
345.90000000000003,-65.0
346.00000000000006,-65.0
346.1,-65.0
346.2,-65.0
346.3,-65.0
346.40000000000003,-65.0
346.50000000000006,-65.0
346.6,-65.0
346.7,-65.0
346.8,-65.0
346.90000000000003,-65.0
347.00000000000006,-65.0
347.1,-65.0
347.2,-65.0
347.3,-65.0
347.40000000000003,-65.0
347.50000000000006,-65.0
347.6,-65.0
347.7,-65.0
347.8,-65.0
347.90000000000003,-65.0
348.00000000000006,-65.0
348.1,-65.0
348.2,-65.0
348.3,-65.0
348.40000000000003,-65.0
348.50000000000006,-65.0
348.6,-65.0
348.7,-65.0
348.8,-65.0
348.90000000000003,-65.0
349.00000000000006,-65.0
349.1,-65.0
349.2,-65.0
349.3,-65.0
349.40000000000003,-65.0
349.50000000000006,-65.0
349.6,-65.0
349.7,-65.0
349.8,-65.0
349.90000000000003,-65.0
350.00000000000006,-65.0
350.1,-65.0
350.2,-65.0
350.3,-65.0
350.4,-65.0
350.50000000000006,-65.0
350.6,-65.0
350.7,-65.0
350.8,-65.0
350.9,-65.0
351.00000000000006,-62.47843887000114
351.1,-60.030075877585794
351.2,-57.51598854266552
351.3,-56.73222217713789
351.4,-65.0
351.50000000000006,-65.0
351.6,-65.0
351.7,-65.0
351.8,-65.0
351.9,-65.0
352.00000000000006,-65.0
352.1,-65.0
352.2,-65.0
352.3,-65.0
352.4,-65.0
352.50000000000006,-65.0
352.6,-65.0
352.7,-65.0
352.8,-65.0
352.9,-65.0
353.00000000000006,-65.0
353.1,-65.0
353.2,-65.0
353.3,-65.0
353.4,-65.0
353.50000000000006,-65.0
353.6,-65.0
353.7,-65.0
353.8,-65.0
353.9,-65.0
354.00000000000006,-65.0
354.1,-65.0
354.2,-65.0
354.3,-65.0
354.4,-65.0
354.50000000000006,-65.0
354.6,-65.0
354.7,-65.0
354.8,-65.0
354.9,-65.0
355.00000000000006,-65.0
355.1,-65.0
355.2,-65.0
355.3,-65.0
355.4,-65.0
355.50000000000006,-65.0
355.6,-65.0
355.7,-65.0
355.8,-65.0
355.9,-65.0
356.00000000000006,-65.0
356.1,-65.0
356.2,-65.0
356.3,-65.0
356.4,-65.0
356.50000000000006,-65.0
356.6,-62.870882461478885
356.70000000000005,-60.87194624164524
356.8,-59.318074039009524
356.9,-58.007935955037304
357.00000000000006,-56.00817583969716
357.1,-65.0
357.20000000000005,-65.0
357.3,-65.0
357.4,-65.0
357.50000000000006,-65.0
357.6,-65.0
357.70000000000005,-65.0
357.8,-65.0
357.9,-65.0
358.00000000000006,-65.0
358.1,-65.0
358.20000000000005,-65.0
358.3,-65.0
358.4,-65.0
358.50000000000006,-65.0
358.6,-65.0
358.70000000000005,-65.0
358.8,-65.0
358.9,-65.0
359.00000000000006,-65.0
359.1,-65.0
359.20000000000005,-65.0
359.3,-65.0
359.4,-65.0
359.50000000000006,-65.0
359.6,-65.0
359.70000000000005,-65.0
359.8,-65.0
359.9,-65.0
360.00000000000006,-65.0
360.1,-65.0
360.20000000000005,-65.0
360.3,-65.0
360.4,-65.0
360.50000000000006,-65.0
360.6,-65.0
360.70000000000005,-65.0
360.8,-65.0
360.9,-65.0
361.00000000000006,-65.0
361.1,-65.0
361.20000000000005,-65.0
361.3,-65.0
361.4,-65.0
361.50000000000006,-65.0
361.6,-65.0
361.70000000000005,-65.0
361.8,-65.0
361.9,-65.0
362.00000000000006,-65.0
362.1,-65.0
362.20000000000005,-65.0
362.3,-62.6624670410724
362.4,-60.594040605230106
362.50000000000006,-58.48594299350919
362.6,-57.699139195496365
362.70000000000005,-56.94603599904076
362.8,-65.0
362.9,-65.0
363.00000000000006,-65.0
363.1,-65.0
363.20000000000005,-65.0
363.3,-65.0
363.4,-65.0
363.5,-65.0
363.6,-65.0
363.70000000000005,-65.0
363.8,-65.0
363.9,-65.0
364.0,-65.0
364.1,-65.0
364.20000000000005,-65.0
364.3,-65.0
364.4,-65.0
364.5,-65.0
364.6,-65.0
364.70000000000005,-65.0
364.8,-65.0
364.9,-65.0
365.0,-65.0
365.1,-65.0
365.20000000000005,-65.0
365.3,-65.0
365.4,-65.0
365.5,-65.0
365.6,-65.0
365.70000000000005,-65.0
365.8,-65.0
365.9,-65.0
366.0,-65.0
366.1,-65.0
366.20000000000005,-65.0
366.3,-65.0
366.4,-65.0
366.5,-65.0
366.6,-65.0
366.70000000000005,-65.0
366.8,-65.0
366.9,-65.0
367.0,-65.0
367.1,-65.0
367.20000000000005,-65.0
367.3,-65.0
367.4,-65.0
367.5,-65.0
367.6,-65.0
367.70000000000005,-65.0
367.8,-65.0
367.9,-65.0
368.0,-63.30307239283954
368.1,-61.03056000041452
368.20000000000005,-58.59867348188959
368.3,-56.90593770118084
368.4,-65.0
368.5,-65.0
368.6,-65.0
368.70000000000005,-65.0
368.8,-65.0
368.9,-65.0
369.0,-65.0
369.1,-65.0
369.20000000000005,-65.0
369.3,-65.0
369.40000000000003,-65.0
369.5,-65.0
369.6,-65.0
369.70000000000005,-65.0
369.8,-65.0
369.90000000000003,-65.0
370.0,-65.0
370.1,-65.0
370.20000000000005,-65.0
370.3,-65.0
370.40000000000003,-65.0
370.5,-65.0
370.6,-65.0
370.70000000000005,-65.0
370.8,-65.0
370.90000000000003,-65.0
371.0,-65.0
371.1,-65.0
371.20000000000005,-65.0
371.3,-65.0
371.40000000000003,-65.0
371.5,-65.0
371.6,-65.0
371.70000000000005,-65.0
371.8,-65.0
371.90000000000003,-65.0
372.0,-65.0
372.1,-65.0
372.20000000000005,-65.0
372.3,-65.0
372.40000000000003,-65.0
372.5,-65.0
372.6,-65.0
372.70000000000005,-65.0
372.8,-65.0
372.90000000000003,-65.0
373.0,-65.0
373.1,-65.0
373.20000000000005,-65.0
373.3,-65.0
373.40000000000003,-65.0
373.5,-65.0
373.6,-63.02241912023135
373.70000000000005,-61.529045771275136
373.8,-60.11345385569651
373.90000000000003,-57.794545404311265
374.0,-55.196934887173875
374.1,-65.0
374.20000000000005,-65.0
374.3,-65.0
374.40000000000003,-65.0
374.5,-65.0
374.6,-65.0
374.70000000000005,-65.0
374.8,-65.0
374.90000000000003,-65.0
375.0,-65.0
375.1,-65.0
375.20000000000005,-65.0
375.3,-65.0
375.40000000000003,-65.0
375.5,-65.0
375.6,-65.0
375.70000000000005,-65.0
375.8,-65.0
375.90000000000003,-65.0
376.0,-65.0
376.1,-65.0
376.20000000000005,-65.0
376.3,-65.0
376.40000000000003,-65.0
376.5,-65.0
376.59999999999997,-65.0
376.70000000000005,-65.0
376.8,-65.0
376.90000000000003,-65.0
377.0,-65.0
377.09999999999997,-65.0
377.20000000000005,-65.0
377.3,-65.0
377.40000000000003,-65.0
377.5,-65.0
377.59999999999997,-65.0
377.70000000000005,-65.0
377.8,-65.0
377.90000000000003,-65.0
378.0,-65.0
378.09999999999997,-65.0
378.20000000000005,-65.0
378.3,-65.0
378.40000000000003,-65.0
378.5,-65.0
378.59999999999997,-65.0
378.70000000000005,-65.0
378.8,-65.0
378.90000000000003,-65.0
379.0,-65.0
379.09999999999997,-65.0
379.20000000000005,-65.0
379.3,-62.39230585715994
379.40000000000003,-61.07621759104925
379.5,-58.66469399432106
379.59999999999997,-56.278088431145065
379.70000000000005,-65.0
379.8,-65.0
379.90000000000003,-65.0
380.0,-65.0
380.09999999999997,-65.0
380.20000000000005,-65.0
380.3,-65.0
380.40000000000003,-65.0
380.5,-65.0
380.59999999999997,-65.0
380.70000000000005,-65.0
380.8,-65.0
380.90000000000003,-65.0
381.0,-65.0
381.1,-65.0
381.20000000000005,-65.0
381.3,-65.0
381.40000000000003,-65.0
381.5,-65.0
381.6,-65.0
381.70000000000005,-65.0
381.8,-65.0
381.90000000000003,-65.0
382.0,-65.0
382.1,-65.0
382.20000000000005,-65.0
382.3,-65.0
382.40000000000003,-65.0
382.5,-65.0
382.6,-65.0
382.70000000000005,-65.0
382.8,-65.0
382.90000000000003,-65.0
383.0,-65.0
383.1,-65.0
383.20000000000005,-65.0
383.3,-65.0
383.40000000000003,-65.0
383.5,-65.0
383.6,-65.0
383.70000000000005,-65.0
383.8,-65.0
383.90000000000003,-65.0
384.0,-65.0
384.1,-65.0
384.20000000000005,-65.0
384.3,-65.0
384.40000000000003,-65.0
384.5,-65.0
384.6,-65.0
384.70000000000005,-65.0
384.8,-65.0
384.90000000000003,-63.36598027127076
385.0,-61.168620317400155
385.1,-59.406703776927316
385.20000000000005,-57.02017148887914
385.3,-65.0
385.40000000000003,-65.0
385.5,-65.0
385.6,-65.0
385.70000000000005,-65.0
385.8,-65.0
385.90000000000003,-65.0
386.0,-65.0
386.1,-65.0
386.20000000000005,-65.0
386.3,-65.0
386.40000000000003,-65.0
386.5,-65.0
386.6,-65.0
386.70000000000005,-65.0
386.8,-65.0
386.90000000000003,-65.0
387.0,-65.0
387.1,-65.0
387.20000000000005,-65.0
387.3,-65.0
387.40000000000003,-65.0
387.5,-65.0
387.6,-65.0
387.70000000000005,-65.0
387.8,-65.0
387.90000000000003,-65.0
388.0,-65.0
388.1,-65.0
388.20000000000005,-65.0
388.3,-65.0
388.40000000000003,-65.0
388.5,-65.0
388.6,-65.0
388.70000000000005,-65.0
388.8,-65.0
388.90000000000003,-65.0
389.0,-65.0
389.1,-65.0
389.20000000000005,-65.0
389.3,-65.0
389.40000000000003,-65.0
389.5,-65.0
389.6,-65.0
389.70000000000005,-65.0
389.8,-65.0
389.90000000000003,-65.0
390.0,-65.0
390.1,-65.0
390.2,-65.0
390.3,-65.0
390.40000000000003,-65.0
390.5,-62.93534668622686
390.6,-61.19719013857515
390.7,-59.37829423584369
390.8,-57.72363836926632
390.90000000000003,-56.18786576329264
391.0,-55.041933885710506
391.1,-65.0
391.2,-65.0
391.3,-65.0
391.40000000000003,-65.0
391.5,-65.0
391.6,-65.0
391.7,-65.0
391.8,-65.0
391.90000000000003,-65.0
392.0,-65.0
392.1,-65.0
392.2,-65.0
392.3,-65.0
392.40000000000003,-65.0
392.5,-65.0
392.6,-65.0
392.7,-65.0
392.8,-65.0
392.90000000000003,-65.0
393.0,-65.0
393.1,-65.0
393.2,-65.0
393.3,-65.0
393.40000000000003,-65.0
393.5,-65.0
393.6,-65.0
393.7,-65.0
393.8,-65.0
393.90000000000003,-65.0
394.0,-65.0
394.1,-65.0
394.2,-65.0
394.3,-65.0
394.40000000000003,-65.0
394.5,-65.0
394.6,-65.0
394.7,-65.0
394.80000000000007,-65.0
394.90000000000003,-65.0
395.0,-65.0
395.1,-65.0
395.2,-65.0
395.30000000000007,-65.0
395.40000000000003,-65.0
395.5,-65.0
395.6,-65.0
395.7,-65.0
395.80000000000007,-65.0
395.90000000000003,-65.0
396.0,-65.0
396.1,-65.0
396.2,-65.0
396.30000000000007,-63.82409753727393
396.40000000000003,-61.099663358305065
396.5,-59.83756680378178
396.6,-58.2208061560647
396.7,-55.674466228940666
396.80000000000007,-65.0
396.90000000000003,-65.0
397.0,-65.0
397.1,-65.0
397.2,-65.0
397.30000000000007,-65.0
397.40000000000003,-65.0
397.5,-65.0
397.6,-65.0
397.7,-65.0
397.80000000000007,-65.0
397.90000000000003,-65.0
398.0,-65.0
398.1,-65.0
398.2,-65.0
398.30000000000007,-65.0
398.40000000000003,-65.0
398.5,-65.0
398.6,-65.0
398.7,-65.0
398.80000000000007,-65.0
398.90000000000003,-65.0
399.0,-65.0
399.1,-65.0
399.2,-65.0
399.30000000000007,-65.0
399.40000000000003,-65.0
399.5,-65.0
399.6,-65.0
399.7,-65.0
399.80000000000007,-65.0
399.90000000000003,-65.0
400.0,-65.0
400.1,-65.0
400.2,-65.0
400.30000000000007,-65.0
400.40000000000003,-65.0
400.5,-65.0
400.6,-65.0
400.7,-65.0
400.80000000000007,-65.0
400.90000000000003,-65.0
401.0,-65.0
401.1,-65.0
401.2,-65.0
401.30000000000007,-65.0
401.40000000000003,-65.0
401.5,-65.0
401.6,-65.0
401.7,-65.0
401.80000000000007,-65.0
401.90000000000003,-65.0
402.0,-62.36076308126294
402.1,-59.671482411144936
402.2,-57.77324693698495
402.30000000000007,-55.285006629224846
402.40000000000003,-65.0
402.5,-65.0
402.6,-65.0
402.7,-65.0
402.80000000000007,-65.0
402.90000000000003,-65.0
403.0,-65.0
403.1,-65.0
403.2,-65.0
403.3,-65.0
403.40000000000003,-65.0
403.5,-65.0
403.6,-65.0
403.7,-65.0
403.8,-65.0
403.90000000000003,-65.0
404.0,-65.0
404.1,-65.0
404.2,-65.0
404.3,-65.0
404.40000000000003,-65.0
404.5,-65.0
404.6,-65.0
404.7,-65.0
404.8,-65.0
404.90000000000003,-65.0
405.0,-65.0
405.1,-65.0
405.2,-65.0
405.3,-65.0
405.40000000000003,-65.0
405.5,-65.0
405.6,-65.0
405.7,-65.0
405.8,-65.0
405.90000000000003,-65.0
406.0,-65.0
406.1,-65.0
406.2,-65.0
406.3,-65.0
406.40000000000003,-65.0
406.5,-65.0
406.6,-65.0
406.7,-65.0
406.8,-65.0
406.90000000000003,-65.0
407.0,-65.0
407.1,-65.0
407.2,-65.0
407.3,-65.0
407.40000000000003,-65.0
407.50000000000006,-65.0
407.6,-63.92900497057029
407.7,-60.98638483013409
407.8,-59.20399096323822
407.90000000000003,-56.6404940087385
408.00000000000006,-65.0
408.1,-65.0
408.2,-65.0
408.3,-65.0
408.40000000000003,-65.0
408.50000000000006,-65.0
408.6,-65.0
408.7,-65.0
408.8,-65.0
408.90000000000003,-65.0
409.00000000000006,-65.0
409.1,-65.0
409.2,-65.0
409.3,-65.0
409.40000000000003,-65.0
409.50000000000006,-65.0
409.6,-65.0
409.7,-65.0
409.8,-65.0
409.90000000000003,-65.0
410.00000000000006,-65.0
410.1,-65.0
410.2,-65.0
410.3,-65.0
410.40000000000003,-65.0
410.50000000000006,-65.0
410.6,-65.0
410.7,-65.0
410.8,-65.0
410.90000000000003,-65.0
411.00000000000006,-65.0
411.1,-65.0
411.2,-65.0
411.3,-65.0
411.40000000000003,-65.0
411.50000000000006,-65.0
411.6,-65.0
411.7,-65.0
411.8,-65.0
411.90000000000003,-65.0
412.00000000000006,-65.0
412.1,-65.0
412.2,-65.0
412.3,-65.0
412.40000000000003,-65.0
412.50000000000006,-65.0
412.6,-65.0
412.7,-65.0
412.8,-65.0
412.90000000000003,-65.0
413.00000000000006,-65.0
413.1,-65.0
413.2,-62.91957883190355
413.3,-61.01376426696692
413.40000000000003,-58.98283321426631
413.50000000000006,-57.04388610649856
413.6,-55.670582140240406
413.7,-65.0
413.8,-65.0
413.90000000000003,-65.0
414.00000000000006,-65.0
414.1,-65.0
414.2,-65.0
414.3,-65.0
414.40000000000003,-65.0
414.50000000000006,-65.0
414.6,-65.0
414.7,-65.0
414.8,-65.0
414.90000000000003,-65.0
415.00000000000006,-65.0
415.1,-65.0
415.2,-65.0
415.3,-65.0
415.40000000000003,-65.0
415.50000000000006,-65.0
415.6,-65.0
415.7,-65.0
415.8,-65.0
415.90000000000003,-65.0
416.00000000000006,-65.0
416.1,-65.0
416.2,-65.0
416.3,-65.0
416.4,-65.0
416.50000000000006,-65.0
416.6,-65.0
416.7,-65.0
416.8,-65.0
416.9,-65.0
417.00000000000006,-65.0
417.1,-65.0
417.2,-65.0
417.3,-65.0
417.4,-65.0
417.50000000000006,-65.0
417.6,-65.0
417.7,-65.0
417.8,-65.0
417.9,-65.0
418.00000000000006,-65.0
418.1,-65.0
418.2,-65.0
418.3,-65.0
418.4,-65.0
418.50000000000006,-65.0
418.6,-65.0
418.7,-65.0
418.8,-65.0
418.9,-63.49732504450461
419.00000000000006,-60.65362848386344
419.1,-58.60832245140929
419.20000000000005,-56.75568239046032
419.3,-55.09719110775692
419.4,-65.0
419.50000000000006,-65.0
419.6,-65.0
419.70000000000005,-65.0
419.8,-65.0
419.9,-65.0
420.00000000000006,-65.0
420.1,-65.0
420.20000000000005,-65.0
420.3,-65.0
420.4,-65.0
420.50000000000006,-65.0
420.6,-65.0
420.70000000000005,-65.0
420.8,-65.0
420.9,-65.0
421.00000000000006,-65.0
421.1,-65.0
421.20000000000005,-65.0
421.3,-65.0
421.4,-65.0
421.50000000000006,-65.0
421.6,-65.0
421.70000000000005,-65.0
421.8,-65.0
421.9,-65.0
422.00000000000006,-65.0
422.1,-65.0
422.20000000000005,-65.0
422.3,-65.0
422.4,-65.0
422.50000000000006,-65.0
422.6,-65.0
422.70000000000005,-65.0
422.8,-65.0
422.9,-65.0
423.00000000000006,-65.0
423.1,-65.0
423.20000000000005,-65.0
423.3,-65.0
423.4,-65.0
423.50000000000006,-65.0
423.6,-65.0
423.70000000000005,-65.0
423.8,-65.0
423.9,-65.0
424.00000000000006,-65.0
424.1,-65.0
424.20000000000005,-65.0
424.3,-65.0
424.4,-65.0
424.50000000000006,-65.0
424.6,-62.76485463298857
424.70000000000005,-59.67958962344146
424.8,-57.98611575648588
424.9,-56.190422253220156
425.00000000000006,-55.08614811051515
425.1,-65.0
425.20000000000005,-65.0
425.3,-65.0
425.4,-65.0
425.50000000000006,-65.0
425.6,-65.0
425.70000000000005,-65.0
425.8,-65.0
425.9,-65.0
426.00000000000006,-65.0
426.1,-65.0
426.20000000000005,-65.0
426.3,-65.0
426.4,-65.0
426.50000000000006,-65.0
426.6,-65.0
426.70000000000005,-65.0
426.8,-65.0
426.9,-65.0
427.00000000000006,-65.0
427.1,-65.0
427.20000000000005,-65.0
427.3,-65.0
427.4,-65.0
427.50000000000006,-65.0
427.6,-65.0
427.70000000000005,-65.0
427.8,-65.0
427.9,-65.0
428.00000000000006,-65.0
428.1,-65.0
428.20000000000005,-65.0
428.3,-65.0
428.4,-65.0
428.50000000000006,-65.0
428.6,-65.0
428.70000000000005,-65.0
428.8,-65.0
428.9,-65.0
429.00000000000006,-65.0
429.1,-65.0
429.20000000000005,-65.0
429.3,-65.0
429.4,-65.0
429.5,-65.0
429.6,-65.0
429.70000000000005,-65.0
429.8,-65.0
429.9,-65.0
430.0,-65.0
430.1,-65.0
430.20000000000005,-65.0
430.3,-63.13055860192811
430.4,-60.45149609473704
430.5,-59.29603728498945
430.6,-57.99909662701638
430.70000000000005,-55.77437641105341
430.8,-65.0
430.9,-65.0
431.0,-65.0
431.1,-65.0
431.20000000000005,-65.0
431.3,-65.0
431.4,-65.0
431.5,-65.0
431.6,-65.0
431.70000000000005,-65.0
431.8,-65.0
431.90000000000003,-65.0
432.0,-65.0
432.1,-65.0
432.20000000000005,-65.0
432.3,-65.0
432.40000000000003,-65.0
432.5,-65.0
432.6,-65.0
432.70000000000005,-65.0
432.8,-65.0
432.90000000000003,-65.0
433.0,-65.0
433.1,-65.0
433.20000000000005,-65.0
433.3,-65.0
433.40000000000003,-65.0
433.5,-65.0
433.6,-65.0
433.70000000000005,-65.0
433.8,-65.0
433.90000000000003,-65.0
434.0,-65.0
434.1,-65.0
434.20000000000005,-65.0
434.3,-65.0
434.40000000000003,-65.0
434.5,-65.0
434.6,-65.0
434.70000000000005,-65.0
434.8,-65.0
434.90000000000003,-65.0
435.0,-65.0
435.1,-65.0
435.20000000000005,-65.0
435.3,-65.0
435.40000000000003,-65.0
435.5,-65.0
435.6,-65.0
435.70000000000005,-65.0
435.8,-65.0
435.90000000000003,-65.0
436.0,-63.864397293199204
436.1,-62.01850411040307
436.20000000000005,-59.98368158088156
436.3,-58.091749810702225
436.40000000000003,-56.35979499685915
436.5,-65.0
436.6,-65.0
436.70000000000005,-65.0
436.8,-65.0
436.90000000000003,-65.0
437.0,-65.0
437.1,-65.0
437.20000000000005,-65.0
437.3,-65.0
437.40000000000003,-65.0
437.5,-65.0
437.6,-65.0
437.70000000000005,-65.0
437.8,-65.0
437.90000000000003,-65.0
438.0,-65.0
438.1,-65.0
438.20000000000005,-65.0
438.3,-65.0
438.40000000000003,-65.0
438.5,-65.0
438.6,-65.0
438.70000000000005,-65.0
438.8,-65.0
438.90000000000003,-65.0
439.0,-65.0
439.1,-65.0
439.20000000000005,-65.0
439.3,-65.0
439.40000000000003,-65.0
439.5,-65.0
439.6,-65.0
439.70000000000005,-65.0
439.8,-65.0
439.90000000000003,-65.0
440.0,-65.0
440.1,-65.0
440.20000000000005,-65.0
440.3,-65.0
440.40000000000003,-65.0
440.5,-65.0
440.6,-65.0
440.70000000000005,-65.0
440.8,-65.0
440.90000000000003,-65.0
441.0,-65.0
441.1,-65.0
441.20000000000005,-65.0
441.3,-65.0
441.40000000000003,-65.0
441.5,-65.0
441.6,-65.0
441.70000000000005,-62.880152511844784
441.8,-60.58683518914232
441.90000000000003,-58.4959147260669
442.0,-56.61586773102559
442.1,-65.0
442.20000000000005,-65.0
442.3,-65.0
442.40000000000003,-65.0
442.5,-65.0
442.6,-65.0
442.70000000000005,-65.0
442.8,-65.0
442.90000000000003,-65.0
443.0,-65.0
443.09999999999997,-65.0
443.20000000000005,-65.0
443.3,-65.0
443.40000000000003,-65.0
443.5,-65.0
443.6,-65.0
443.70000000000005,-65.0
443.8,-65.0
443.90000000000003,-65.0
444.0,-65.0
444.1,-65.0
444.20000000000005,-65.0
444.3,-65.0
444.40000000000003,-65.0
444.5,-65.0
444.6,-65.0
444.70000000000005,-65.0
444.8,-65.0
444.90000000000003,-65.0
445.0,-65.0
445.1,-65.0
445.20000000000005,-65.0
445.3,-65.0
445.40000000000003,-65.0
445.5,-65.0
445.6,-65.0
445.70000000000005,-65.0
445.8,-65.0
445.90000000000003,-65.0
446.0,-65.0
446.1,-65.0
446.20000000000005,-65.0
446.3,-65.0
446.40000000000003,-65.0
446.5,-65.0
446.6,-65.0
446.70000000000005,-65.0
446.8,-65.0
446.90000000000003,-65.0
447.0,-65.0
447.1,-65.0
447.20000000000005,-65.0
447.3,-62.98308416609251
447.40000000000003,-60.70958636090959
447.5,-59.29354147903638
447.6,-57.13752908929081
447.70000000000005,-55.165394861916425
447.8,-65.0
447.90000000000003,-65.0
448.0,-65.0
448.1,-65.0
448.20000000000005,-65.0
448.3,-65.0
448.40000000000003,-65.0
448.5,-65.0
448.6,-65.0
448.70000000000005,-65.0
448.8,-65.0
448.90000000000003,-65.0
449.0,-65.0
449.1,-65.0
449.20000000000005,-65.0
449.3,-65.0
449.40000000000003,-65.0
449.5,-65.0
449.6,-65.0
449.70000000000005,-65.0
449.8,-65.0
449.90000000000003,-65.0
450.0,-65.0
450.1,-65.0
450.20000000000005,-65.0
450.3,-65.0
450.40000000000003,-65.0
450.5,-65.0
450.6,-65.0
450.70000000000005,-65.0
450.8,-65.0
450.90000000000003,-65.0
451.0,-65.0
451.1,-65.0
451.20000000000005,-65.0
451.3,-65.0
451.40000000000003,-65.0
451.5,-65.0
451.6,-65.0
451.70000000000005,-65.0
451.8,-65.0
451.90000000000003,-65.0
452.0,-65.0
452.1,-65.0
452.20000000000005,-65.0
452.3,-65.0
452.40000000000003,-65.0
452.5,-65.0
452.6,-65.0
452.70000000000005,-65.0
452.8,-65.0
452.90000000000003,-65.0
453.0,-62.26012342887482
453.1,-60.29871546366511
453.20000000000005,-58.30786833205635
453.3,-56.969535593941
453.40000000000003,-65.0
453.5,-65.0
453.6,-65.0
453.70000000000005,-65.0
453.8,-65.0
453.90000000000003,-65.0
454.0,-65.0
454.1,-65.0
454.20000000000005,-65.0
454.3,-65.0
454.40000000000003,-65.0
454.5,-65.0
454.6,-65.0
454.70000000000005,-65.0
454.8,-65.0
454.90000000000003,-65.0
455.0,-65.0
455.1,-65.0
455.20000000000005,-65.0
455.3,-65.0
455.40000000000003,-65.0
455.5,-65.0
455.6,-65.0
455.70000000000005,-65.0
455.8,-65.0
455.90000000000003,-65.0
456.0,-65.0
456.1,-65.0
456.2,-65.0
456.3,-65.0
456.40000000000003,-65.0
456.5,-65.0
456.6,-65.0
456.7,-65.0
456.8,-65.0
456.90000000000003,-65.0
457.0,-65.0
457.1,-65.0
457.2,-65.0
457.30000000000007,-65.0
457.40000000000003,-65.0
457.5,-65.0
457.6,-65.0
457.7,-65.0
457.80000000000007,-65.0
457.90000000000003,-65.0
458.0,-65.0
458.1,-65.0
458.2,-65.0
458.30000000000007,-65.0
458.40000000000003,-65.0
458.5,-65.0
458.6,-63.31172336466151
458.7,-61.52189468616814
458.80000000000007,-59.34569504808684
458.90000000000003,-56.71774245739311
459.0,-65.0
459.1,-65.0
459.2,-65.0
459.30000000000007,-65.0
459.40000000000003,-65.0
459.5,-65.0
459.6,-65.0
459.7,-65.0
459.80000000000007,-65.0
459.90000000000003,-65.0
460.0,-65.0
460.1,-65.0
460.2,-65.0
460.30000000000007,-65.0
460.40000000000003,-65.0
460.5,-65.0
460.6,-65.0
460.7,-65.0
460.80000000000007,-65.0
460.90000000000003,-65.0
461.0,-65.0
461.1,-65.0
461.2,-65.0
461.30000000000007,-65.0
461.40000000000003,-65.0
461.5,-65.0
461.6,-65.0
461.7,-65.0
461.80000000000007,-65.0
461.90000000000003,-65.0
462.0,-65.0
462.1,-65.0
462.2,-65.0
462.30000000000007,-65.0
462.40000000000003,-65.0
462.5,-65.0
462.6,-65.0
462.7,-65.0
462.80000000000007,-65.0
462.90000000000003,-65.0
463.0,-65.0
463.1,-65.0
463.2,-65.0
463.30000000000007,-65.0
463.40000000000003,-65.0
463.5,-65.0
463.6,-65.0
463.7,-65.0
463.80000000000007,-65.0
463.90000000000003,-65.0
464.0,-65.0
464.1,-65.0
464.2,-63.91738427347117
464.30000000000007,-62.176408758474075
464.40000000000003,-61.112300441694615
464.5,-59.30874411456592
464.6,-57.46397812288171
464.7,-55.2233653891345
464.80000000000007,-65.0
464.90000000000003,-65.0
465.0,-65.0
465.1,-65.0
465.2,-65.0
465.30000000000007,-65.0
465.40000000000003,-65.0
465.5,-65.0
465.6,-65.0
465.7,-65.0
465.80000000000007,-65.0
465.90000000000003,-65.0
466.0,-65.0
466.1,-65.0
466.2,-65.0
466.30000000000007,-65.0
466.40000000000003,-65.0
466.5,-65.0
466.6,-65.0
466.7,-65.0
466.80000000000007,-65.0
466.90000000000003,-65.0
467.0,-65.0
467.1,-65.0
467.2,-65.0
467.30000000000007,-65.0
467.40000000000003,-65.0
467.5,-65.0
467.6,-65.0
467.7,-65.0
467.80000000000007,-65.0
467.90000000000003,-65.0
468.0,-65.0
468.1,-65.0
468.2,-65.0
468.30000000000007,-65.0
468.40000000000003,-65.0
468.5,-65.0
468.6,-65.0
468.7,-65.0
468.80000000000007,-65.0
468.90000000000003,-65.0
469.0,-65.0
469.1,-65.0
469.2,-65.0
469.3,-65.0
469.40000000000003,-65.0
469.5,-65.0
469.6,-65.0
469.7,-65.0
469.8,-65.0
469.90000000000003,-65.0
470.00000000000006,-63.006796630947434
470.1,-61.66439001177589
470.2,-59.45282289413397
470.3,-57.348994649814586
470.40000000000003,-55.057308992292796
470.50000000000006,-65.0
470.6,-65.0
470.7,-65.0
470.8,-65.0
470.90000000000003,-65.0
471.00000000000006,-65.0
471.1,-65.0
471.2,-65.0
471.3,-65.0
471.40000000000003,-65.0
471.50000000000006,-65.0
471.6,-65.0
471.7,-65.0
471.8,-65.0
471.90000000000003,-65.0
472.00000000000006,-65.0
472.1,-65.0
472.2,-65.0
472.3,-65.0
472.40000000000003,-65.0
472.50000000000006,-65.0
472.6,-65.0
472.7,-65.0
472.8,-65.0
472.90000000000003,-65.0
473.00000000000006,-65.0
473.1,-65.0
473.2,-65.0
473.3,-65.0
473.40000000000003,-65.0
473.50000000000006,-65.0
473.6,-65.0
473.7,-65.0
473.8,-65.0
473.90000000000003,-65.0
474.00000000000006,-65.0
474.1,-65.0
474.2,-65.0
474.3,-65.0
474.40000000000003,-65.0
474.50000000000006,-65.0
474.6,-65.0
474.7,-65.0
474.8,-65.0
474.90000000000003,-65.0
475.00000000000006,-65.0
475.1,-65.0
475.2,-65.0
475.3,-65.0
475.40000000000003,-65.0
475.50000000000006,-65.0
475.6,-65.0
475.7,-62.886894356055514
475.8,-61.03559657533272
475.90000000000003,-58.58233953784021
476.00000000000006,-57.1197541408293
476.1,-55.08559368881853
476.2,-65.0
476.3,-65.0
476.40000000000003,-65.0
476.50000000000006,-65.0
476.6,-65.0
476.7,-65.0
476.8,-65.0
476.90000000000003,-65.0
477.00000000000006,-65.0
477.1,-65.0
477.2,-65.0
477.3,-65.0
477.40000000000003,-65.0
477.50000000000006,-65.0
477.6,-65.0
477.7,-65.0
477.8,-65.0
477.90000000000003,-65.0
478.00000000000006,-65.0
478.1,-65.0
478.2,-65.0
478.3,-65.0
478.40000000000003,-65.0
478.50000000000006,-65.0
478.6,-65.0
478.7,-65.0
478.8,-65.0
478.90000000000003,-65.0
479.00000000000006,-65.0
479.1,-65.0
479.2,-65.0
479.3,-65.0
479.40000000000003,-65.0
479.50000000000006,-65.0
479.6,-65.0
479.7,-65.0
479.8,-65.0
479.90000000000003,-65.0
480.00000000000006,-65.0
480.1,-65.0
480.2,-65.0
480.3,-65.0
480.40000000000003,-65.0
480.50000000000006,-65.0
480.6,-65.0
480.7,-65.0
480.8,-65.0
480.90000000000003,-65.0
481.00000000000006,-65.0
481.1,-65.0
481.2,-65.0
481.3,-65.0
481.40000000000003,-62.73167468491654
481.50000000000006,-61.448388237558646
481.6,-59.64330442182598
481.70000000000005,-57.10551366718202
481.8,-65.0
481.90000000000003,-65.0
482.00000000000006,-65.0
482.1,-65.0
482.20000000000005,-65.0
482.3,-65.0
482.4,-65.0
482.50000000000006,-65.0
482.6,-65.0
482.70000000000005,-65.0
482.8,-65.0
482.9,-65.0
483.00000000000006,-65.0
483.1,-65.0
483.20000000000005,-65.0
483.3,-65.0
483.4,-65.0
483.50000000000006,-65.0
483.6,-65.0
483.70000000000005,-65.0
483.8,-65.0
483.9,-65.0
484.00000000000006,-65.0
484.1,-65.0
484.20000000000005,-65.0
484.3,-65.0
484.4,-65.0
484.50000000000006,-65.0
484.6,-65.0
484.70000000000005,-65.0
484.8,-65.0
484.9,-65.0
485.00000000000006,-65.0
485.1,-65.0
485.20000000000005,-65.0
485.3,-65.0
485.4,-65.0
485.50000000000006,-65.0
485.6,-65.0
485.70000000000005,-65.0
485.8,-65.0
485.9,-65.0
486.00000000000006,-65.0
486.1,-65.0
486.20000000000005,-65.0
486.3,-65.0
486.4,-65.0
486.50000000000006,-65.0
486.6,-65.0
486.70000000000005,-65.0
486.8,-65.0
486.9,-65.0
487.00000000000006,-63.826831291682694
487.1,-61.40026496602366
487.20000000000005,-59.815966205788826
487.3,-58.416844658494426
487.4,-56.03510757305128
487.50000000000006,-65.0
487.6,-65.0
487.70000000000005,-65.0
487.8,-65.0
487.9,-65.0
488.00000000000006,-65.0
488.1,-65.0
488.20000000000005,-65.0
488.3,-65.0
488.4,-65.0
488.50000000000006,-65.0
488.6,-65.0
488.70000000000005,-65.0
488.8,-65.0
488.9,-65.0
489.00000000000006,-65.0
489.1,-65.0
489.20000000000005,-65.0
489.3,-65.0
489.4,-65.0
489.50000000000006,-65.0
489.6,-65.0
489.70000000000005,-65.0
489.8,-65.0
489.9,-65.0
490.00000000000006,-65.0
490.1,-65.0
490.20000000000005,-65.0
490.3,-65.0
490.4,-65.0
490.50000000000006,-65.0
490.6,-65.0
490.70000000000005,-65.0
490.8,-65.0
490.9,-65.0
491.00000000000006,-65.0
491.1,-65.0
491.20000000000005,-65.0
491.3,-65.0
491.4,-65.0
491.50000000000006,-65.0
491.6,-65.0
491.70000000000005,-65.0
491.8,-65.0
491.9,-65.0
492.00000000000006,-65.0
492.1,-65.0
492.20000000000005,-65.0
492.3,-65.0
492.4,-65.0
492.50000000000006,-65.0
492.6,-65.0
492.70000000000005,-63.330042972824515
492.8,-61.2050884681924
492.9,-60.4350065166416
493.00000000000006,-58.24368593059263
493.1,-55.92736212357393
493.20000000000005,-65.0
493.3,-65.0
493.4,-65.0
493.50000000000006,-65.0
493.6,-65.0
493.70000000000005,-65.0
493.8,-65.0
493.9,-65.0
494.00000000000006,-65.0
494.1,-65.0
494.20000000000005,-65.0
494.3,-65.0
494.40000000000003,-65.0
494.50000000000006,-65.0
494.6,-65.0
494.70000000000005,-65.0
494.8,-65.0
494.90000000000003,-65.0
495.00000000000006,-65.0
495.1,-65.0
495.20000000000005,-65.0
495.3,-65.0
495.40000000000003,-65.0
495.5,-65.0
495.6,-65.0
495.70000000000005,-65.0
495.8,-65.0
495.90000000000003,-65.0
496.0,-65.0
496.1,-65.0
496.20000000000005,-65.0
496.3,-65.0
496.40000000000003,-65.0
496.5,-65.0
496.6,-65.0
496.70000000000005,-65.0
496.8,-65.0
496.90000000000003,-65.0
497.0,-65.0
497.1,-65.0
497.20000000000005,-65.0
497.3,-65.0
497.40000000000003,-65.0
497.5,-65.0
497.6,-65.0
497.70000000000005,-65.0
497.8,-65.0
497.90000000000003,-65.0
498.0,-65.0
498.1,-65.0
498.20000000000005,-65.0
498.3,-65.0
498.40000000000003,-62.972313909687784
498.5,-60.14834094788536
498.6,-58.8612976893614
498.70000000000005,-56.94970987823996
498.8,-55.548231828483175
498.90000000000003,-65.0
499.0,-65.0
499.1,-65.0
499.20000000000005,-65.0
499.3,-65.0
499.40000000000003,-65.0
499.5,-65.0
499.6,-65.0
499.70000000000005,-65.0
499.8,-65.0
499.90000000000003,-65.0
500.0,-65.0
500.09999999999997,-65.0
500.2,-65.0
500.30000000000007,-65.0
500.4000000000001,-65.0
500.50000000000006,-65.0
500.6,-65.0
500.70000000000005,-65.0
500.8,-65.0
500.90000000000003,-65.0
501.0,-65.0
501.09999999999997,-65.0
501.2,-65.0
501.30000000000007,-65.0
501.4000000000001,-65.0
501.50000000000006,-65.0
501.6,-65.0
501.70000000000005,-65.0
501.8,-65.0
501.90000000000003,-65.0
502.0,-65.0
502.09999999999997,-65.0
502.2,-65.0
502.29999999999995,-65.0
502.4000000000001,-65.0
502.50000000000006,-65.0
502.6,-65.0
502.70000000000005,-65.0
502.8,-65.0
502.90000000000003,-65.0
503.0,-65.0
503.09999999999997,-65.0
503.2,-65.0
503.29999999999995,-65.0
503.4000000000001,-65.0
503.50000000000006,-65.0
503.6,-65.0
503.70000000000005,-65.0
503.8,-65.0
503.90000000000003,-65.0
504.0,-65.0
504.09999999999997,-63.242639273345794
504.2,-60.632287985677735
504.29999999999995,-58.49596005946534
504.4000000000001,-56.3441719521682
504.50000000000006,-65.0
504.6,-65.0
504.70000000000005,-65.0
504.8,-65.0
504.90000000000003,-65.0
505.0,-65.0
505.09999999999997,-65.0
505.2,-65.0
505.29999999999995,-65.0
505.4000000000001,-65.0
505.50000000000006,-65.0
505.6,-65.0
505.70000000000005,-65.0
505.8,-65.0
505.90000000000003,-65.0
506.0,-65.0
506.1,-65.0
506.2,-65.0
506.29999999999995,-65.0
506.4000000000001,-65.0
506.50000000000006,-65.0
506.6,-65.0
506.70000000000005,-65.0
506.8,-65.0
506.90000000000003,-65.0
507.0,-65.0
507.1,-65.0
507.2,-65.0
507.29999999999995,-65.0
507.4000000000001,-65.0
507.50000000000006,-65.0
507.6,-65.0
507.70000000000005,-65.0
507.8,-65.0
507.90000000000003,-65.0
508.0,-65.0
508.1,-65.0
508.2,-65.0
508.29999999999995,-65.0
508.4000000000001,-65.0
508.50000000000006,-65.0
508.6000000000001,-65.0
508.70000000000005,-65.0
508.8,-65.0
508.90000000000003,-65.0
509.0,-65.0
509.1,-65.0
509.2,-65.0
509.29999999999995,-65.0
509.4000000000001,-65.0
509.50000000000006,-65.0
509.6000000000001,-65.0
509.70000000000005,-62.81298849454853
509.8,-60.41893264254772
509.90000000000003,-58.44278503425917
510.0,-56.195383433815834
510.1,-65.0
510.2,-65.0
510.29999999999995,-65.0
510.4000000000001,-65.0
510.50000000000006,-65.0
510.6000000000001,-65.0
510.70000000000005,-65.0
510.8,-65.0
510.90000000000003,-65.0
511.0,-65.0
511.1,-65.0
511.2,-65.0
511.29999999999995,-65.0
511.4000000000001,-65.0
511.50000000000006,-65.0
511.6000000000001,-65.0
511.70000000000005,-65.0
511.8,-65.0
511.90000000000003,-65.0
512.0,-65.0
512.1,-65.0
512.2,-65.0
512.3,-65.0
512.4000000000001,-65.0
512.5000000000001,-65.0
512.6,-65.0
512.7,-65.0
512.8000000000001,-65.0
512.9,-65.0
513.0,-65.0
513.1,-65.0
513.2,-65.0
513.3,-65.0
513.4000000000001,-65.0
513.5000000000001,-65.0
513.6,-65.0
513.7,-65.0
513.8000000000001,-65.0
513.9,-65.0
514.0,-65.0
514.1,-65.0
514.2,-65.0
514.3,-65.0
514.4000000000001,-65.0
514.5000000000001,-65.0
514.6,-65.0
514.7,-65.0
514.8000000000001,-65.0
514.9,-65.0
515.0,-65.0
515.1,-65.0
515.2,-65.0
515.3,-62.7693928753096
515.4,-60.52169038217866
515.5000000000001,-59.64437100361332
515.6,-57.48206086284818
515.7,-55.88545326557387
515.8000000000001,-65.0
515.9,-65.0
516.0,-65.0
516.1,-65.0
516.2,-65.0
516.3,-65.0
516.4,-65.0
516.5000000000001,-65.0
516.6,-65.0
516.7,-65.0
516.8000000000001,-65.0
516.9,-65.0
517.0,-65.0
517.1,-65.0
517.2,-65.0
517.3,-65.0
517.4,-65.0
517.5000000000001,-65.0
517.6,-65.0
517.7,-65.0
517.8000000000001,-65.0
517.9,-65.0
518.0,-65.0
518.1,-65.0
518.2,-65.0
518.3,-65.0
518.4,-65.0
518.5000000000001,-65.0
518.6,-65.0
518.7,-65.0
518.8000000000001,-65.0
518.9,-65.0
519.0,-65.0
519.1,-65.0
519.2,-65.0
519.3,-65.0
519.4,-65.0
519.5000000000001,-65.0
519.6,-65.0
519.7,-65.0
519.8000000000001,-65.0
519.9,-65.0
520.0,-65.0
520.1,-65.0
520.2,-65.0
520.3,-65.0
520.4,-65.0
520.5000000000001,-65.0
520.6,-65.0
520.7,-65.0
520.8000000000001,-65.0
520.9,-65.0
521.0,-62.95289731373108
521.1,-60.939031933066985
521.2,-59.4363325548005
521.3,-57.292303982727546
521.4,-55.828695221724075
521.5000000000001,-65.0
521.6,-65.0
521.7,-65.0
521.8000000000001,-65.0
521.9,-65.0
522.0,-65.0
522.1,-65.0
522.2,-65.0
522.3,-65.0
522.4,-65.0
522.5000000000001,-65.0
522.6,-65.0
522.7,-65.0
522.8000000000001,-65.0
522.9,-65.0
523.0,-65.0
523.1,-65.0
523.2,-65.0
523.3,-65.0
523.4,-65.0
523.5000000000001,-65.0
523.6,-65.0
523.7,-65.0
523.8000000000001,-65.0
523.9,-65.0
524.0,-65.0
524.1,-65.0
524.2,-65.0
524.3,-65.0
524.4,-65.0
524.5000000000001,-65.0
524.6,-65.0
524.7,-65.0
524.8000000000001,-65.0
524.9,-65.0
525.0,-65.0
525.1,-65.0
525.2,-65.0
525.3,-65.0
525.4,-65.0
525.5000000000001,-65.0
525.6,-65.0
525.7,-65.0
525.8000000000001,-65.0
525.9000000000001,-65.0
526.0,-65.0
526.1,-65.0
526.2,-65.0
526.3,-65.0
526.4,-65.0
526.5000000000001,-65.0
526.6,-65.0
526.7,-62.23451039617118
526.8000000000001,-59.84380645104008
526.9000000000001,-57.75255195675864
527.0,-65.0
527.1,-65.0
527.2,-65.0
527.3,-65.0
527.4,-65.0
527.5000000000001,-65.0
527.6,-65.0
527.7,-65.0
527.8000000000001,-65.0
527.9000000000001,-65.0
528.0,-65.0
528.1,-65.0
528.2,-65.0
528.3,-65.0
528.4,-65.0
528.5000000000001,-65.0
528.6,-65.0
528.7,-65.0
528.8000000000001,-65.0
528.9000000000001,-65.0
529.0,-65.0
529.1,-65.0
529.2,-65.0
529.3,-65.0
529.4,-65.0
529.5,-65.0
529.6,-65.0
529.7,-65.0
529.8000000000001,-65.0
529.9000000000001,-65.0
530.0,-65.0
530.1,-65.0
530.2,-65.0
530.3,-65.0
530.4,-65.0
530.5,-65.0
530.6,-65.0
530.7,-65.0
530.8000000000001,-65.0
530.9000000000001,-65.0
531.0,-65.0
531.1,-65.0
531.2,-65.0
531.3,-65.0
531.4,-65.0
531.5,-65.0
531.6,-65.0
531.7,-65.0
531.8000000000001,-65.0
531.9000000000001,-65.0
532.0,-65.0
532.1,-65.0
532.2,-64.28636121644585
532.3,-62.77879156796638
532.4,-60.51431775247821
532.5,-58.45673339442542
532.6,-55.55433260986292
532.7,-65.0
532.8000000000001,-65.0
532.9000000000001,-65.0
533.0,-65.0
533.1,-65.0
533.2,-65.0
533.3,-65.0
533.4,-65.0
533.5,-65.0
533.6,-65.0
533.7,-65.0
533.8000000000001,-65.0
533.9000000000001,-65.0
534.0,-65.0
534.1,-65.0
534.2,-65.0
534.3,-65.0
534.4,-65.0
534.5,-65.0
534.6,-65.0
534.7,-65.0
534.8000000000001,-65.0
534.9000000000001,-65.0
535.0,-65.0
535.1,-65.0
535.2,-65.0
535.3,-65.0
535.4,-65.0
535.5,-65.0
535.6,-65.0
535.7,-65.0
535.8000000000001,-65.0
535.9000000000001,-65.0
536.0,-65.0
536.1,-65.0
536.2,-65.0
536.3,-65.0
536.4,-65.0
536.5,-65.0
536.6,-65.0
536.7,-65.0
536.8000000000001,-65.0
536.9000000000001,-65.0
537.0,-65.0
537.1,-65.0
537.2,-65.0
537.3,-65.0
537.4,-65.0
537.5,-65.0
537.6,-65.0
537.7,-65.0
537.8000000000001,-65.0
537.9000000000001,-62.91659441550823
538.0,-60.67768858678637
538.1,-58.67797477666294
538.2,-56.352173578163026
538.3,-65.0
538.4,-65.0
538.5,-65.0
538.6,-65.0
538.7,-65.0
538.8000000000001,-65.0
538.9000000000001,-65.0
539.0,-65.0
539.1,-65.0
539.2,-65.0
539.3,-65.0
539.4,-65.0
539.5,-65.0
539.6000000000001,-65.0
539.7,-65.0
539.8000000000001,-65.0
539.9000000000001,-65.0
540.0,-65.0
540.1,-65.0
540.2,-65.0
540.3,-65.0
540.4,-65.0
540.5,-65.0
540.6000000000001,-65.0
540.7,-65.0
540.8000000000001,-65.0
540.9000000000001,-65.0
541.0,-65.0
541.1,-65.0
541.2,-65.0
541.3,-65.0
541.4,-65.0
541.5,-65.0
541.6000000000001,-65.0
541.7,-65.0
541.8000000000001,-65.0
541.9000000000001,-65.0
542.0,-65.0
542.1,-65.0
542.2,-65.0
542.3,-65.0
542.4,-65.0
542.5,-65.0
542.6,-65.0
542.7,-65.0
542.8000000000001,-65.0
542.9000000000001,-65.0
543.0,-65.0
543.1,-65.0
543.2,-65.0
543.3,-65.0
543.4,-65.0
543.5,-63.052273162448685
543.6,-60.93510217921979
543.7,-58.90020056452579
543.8000000000001,-56.87764880097456
543.9000000000001,-65.0
544.0,-65.0
544.1,-65.0
544.2,-65.0
544.3,-65.0
544.4,-65.0
544.5,-65.0
544.6,-65.0
544.7,-65.0
544.8000000000001,-65.0
544.9000000000001,-65.0
545.0,-65.0
545.1,-65.0
545.2,-65.0
545.3,-65.0
545.4,-65.0
545.5,-65.0
545.6,-65.0
545.7,-65.0
545.8000000000001,-65.0
545.9000000000001,-65.0
546.0,-65.0
546.1,-65.0
546.2,-65.0
546.3,-65.0
546.4,-65.0
546.5,-65.0
546.6,-65.0
546.7,-65.0
546.8000000000001,-65.0
546.9000000000001,-65.0
547.0,-65.0
547.1,-65.0
547.2,-65.0
547.3,-65.0
547.4,-65.0
547.5,-65.0
547.6,-65.0
547.7,-65.0
547.8000000000001,-65.0
547.9000000000001,-65.0
548.0,-65.0
548.1,-65.0
548.2,-65.0
548.3,-65.0
548.4,-65.0
548.5,-65.0
548.6,-65.0
548.7,-65.0
548.8000000000001,-65.0
548.9000000000001,-65.0
549.0,-65.0
549.1,-63.30800185342146
549.2,-61.275071068679935
549.3,-59.862904712245815
549.4,-58.03846540137401
549.5,-56.1802588559521
549.6,-55.19559681585809
549.7,-65.0
549.8000000000001,-65.0
549.9000000000001,-65.0
550.0,-65.0
550.1,-65.0
550.2,-65.0
550.3,-65.0
550.4,-65.0
550.5,-65.0
550.6,-65.0
550.7,-65.0
550.8000000000001,-65.0
550.9000000000001,-65.0
551.0,-65.0
551.1,-65.0
551.2,-65.0
551.3000000000001,-65.0
551.4,-65.0
551.5,-65.0
551.6,-65.0
551.7,-65.0
551.8000000000001,-65.0
551.9000000000001,-65.0
552.0,-65.0
552.1,-65.0
552.2,-65.0
552.3000000000001,-65.0
552.4,-65.0
552.5,-65.0
552.6,-65.0
552.7,-65.0
552.8000000000001,-65.0
552.9000000000001,-65.0
553.0,-65.0
553.1,-65.0
553.2,-65.0
553.3000000000001,-65.0
553.4,-65.0
553.5,-65.0
553.6,-65.0
553.7,-65.0
553.8000000000001,-65.0
553.9000000000001,-65.0
554.0,-65.0
554.1,-65.0
554.2,-65.0
554.3000000000001,-65.0
554.4,-65.0
554.5,-65.0
554.6,-65.0
554.7,-65.0
554.8000000000001,-65.0
554.9000000000001,-63.91418858114904
555.0,-62.698340223311696
555.1,-60.99183502743165
555.2,-58.56758825973871
555.3000000000001,-56.34964890770476
555.4,-65.0
555.5,-65.0
555.6,-65.0
555.6999999999999,-65.0
555.8000000000001,-65.0
555.9000000000001,-65.0
556.0,-65.0
556.1,-65.0
556.2,-65.0
556.3000000000001,-65.0
556.4,-65.0
556.5,-65.0
556.6,-65.0
556.6999999999999,-65.0
556.8000000000001,-65.0
556.9000000000001,-65.0
557.0,-65.0
557.1,-65.0
557.2,-65.0
557.3000000000001,-65.0
557.4,-65.0
557.5,-65.0
557.6,-65.0
557.6999999999999,-65.0
557.8000000000001,-65.0
557.9000000000001,-65.0
558.0,-65.0
558.1,-65.0
558.2,-65.0
558.3000000000001,-65.0
558.4,-65.0
558.5,-65.0
558.6,-65.0
558.6999999999999,-65.0
558.8000000000001,-65.0
558.9000000000001,-65.0
559.0,-65.0
559.1,-65.0
559.2,-65.0
559.3000000000001,-65.0
559.4,-65.0
559.5,-65.0
559.6,-65.0
559.6999999999999,-65.0
559.8000000000001,-65.0
559.9000000000001,-65.0
560.0,-65.0
560.1,-65.0
560.2,-65.0
560.3000000000001,-65.0
560.4,-65.0
560.5,-65.0
560.6,-62.88989750240573
560.6999999999999,-60.631869555322666
560.8000000000001,-59.54052632611187
560.9000000000001,-58.08076815240118
561.0,-56.60407620191396
561.1,-65.0
561.2,-65.0
561.3000000000001,-65.0
561.4,-65.0
561.5,-65.0
561.6,-65.0
561.6999999999999,-65.0
561.8000000000001,-65.0
561.9000000000001,-65.0
562.0,-65.0
562.1,-65.0
562.2,-65.0
562.3000000000001,-65.0
562.4,-65.0
562.5,-65.0
562.6,-65.0
562.6999999999999,-65.0
562.8000000000001,-65.0
562.9000000000001,-65.0
563.0,-65.0
563.1,-65.0
563.2,-65.0
563.3000000000001,-65.0
563.4,-65.0
563.5,-65.0
563.6,-65.0
563.6999999999999,-65.0
563.8000000000001,-65.0
563.9000000000001,-65.0
564.0,-65.0
564.1,-65.0
564.2,-65.0
564.3000000000001,-65.0
564.4,-65.0
564.5,-65.0
564.6,-65.0
564.6999999999999,-65.0
564.8000000000001,-65.0
564.9000000000001,-65.0
565.0000000000001,-65.0
565.1,-65.0
565.2,-65.0
565.3000000000001,-65.0
565.4,-65.0
565.5,-65.0
565.6,-65.0
565.6999999999999,-65.0
565.8000000000001,-65.0
565.9000000000001,-65.0
566.0000000000001,-65.0
566.1,-65.0
566.2,-65.0
566.3000000000001,-63.16036513056482
566.4,-61.34114093142214
566.5,-58.63716825036247
566.6,-56.8695121674996
566.6999999999999,-55.660594203464186
566.8000000000001,-65.0
566.9000000000001,-65.0
567.0000000000001,-65.0
567.1,-65.0
567.2,-65.0
567.3000000000001,-65.0
567.4,-65.0
567.5,-65.0
567.6,-65.0
567.6999999999999,-65.0
567.8000000000001,-65.0
567.9000000000001,-65.0
568.0000000000001,-65.0
568.1,-65.0
568.2,-65.0
568.3000000000001,-65.0
568.4,-65.0
568.5,-65.0
568.6,-65.0
568.6999999999999,-65.0
568.8,-65.0
568.9000000000001,-65.0
569.0000000000001,-65.0
569.1,-65.0
569.2,-65.0
569.3000000000001,-65.0
569.4,-65.0
569.5,-65.0
569.6,-65.0
569.6999999999999,-65.0
569.8,-65.0
569.9000000000001,-65.0
570.0000000000001,-65.0
570.1,-65.0
570.2,-65.0
570.3000000000001,-65.0
570.4,-65.0
570.5,-65.0
570.6,-65.0
570.6999999999999,-65.0
570.8,-65.0
570.9000000000001,-65.0
571.0000000000001,-65.0
571.1,-65.0
571.2,-65.0
571.3000000000001,-65.0
571.4,-65.0
571.5,-65.0
571.6,-65.0
571.6999999999999,-65.0
571.8,-65.0
571.9000000000001,-65.0
572.0000000000001,-63.497185415529195
572.1,-61.09820630144928
572.2,-58.863483685030175
572.3000000000001,-57.698283489674715
572.4,-56.06484532633987
572.5,-65.0
572.6,-65.0
572.6999999999999,-65.0
572.8,-65.0
572.9000000000001,-65.0
573.0000000000001,-65.0
573.1,-65.0
573.2,-65.0
573.3000000000001,-65.0
573.4,-65.0
573.5,-65.0
573.6,-65.0
573.6999999999999,-65.0
573.8,-65.0
573.9000000000001,-65.0
574.0000000000001,-65.0
574.1,-65.0
574.2,-65.0
574.3000000000001,-65.0
574.4,-65.0
574.5,-65.0
574.6,-65.0
574.7,-65.0
574.8,-65.0
574.9000000000001,-65.0
575.0000000000001,-65.0
575.1,-65.0
575.2,-65.0
575.3000000000001,-65.0
575.4,-65.0
575.5,-65.0
575.6,-65.0
575.7,-65.0
575.8,-65.0
575.9000000000001,-65.0
576.0000000000001,-65.0
576.1,-65.0
576.2,-65.0
576.3000000000001,-65.0
576.4,-65.0
576.5,-65.0
576.6,-65.0
576.7,-65.0
576.8,-65.0
576.9000000000001,-65.0
577.0000000000001,-65.0
577.1,-65.0
577.2,-65.0
577.3000000000001,-65.0
577.4,-65.0
577.5,-65.0
577.6,-65.0
577.7,-62.537146246373965
577.8,-60.13450484609576
577.9000000000001,-58.46392823549794
578.0000000000001,-56.300009722211485
578.1,-65.0
578.2,-65.0
578.3000000000001,-65.0
578.4,-65.0
578.5,-65.0
578.6,-65.0
578.7,-65.0
578.8,-65.0
578.9000000000001,-65.0
579.0000000000001,-65.0
579.1,-65.0
579.2,-65.0
579.3000000000001,-65.0
579.4,-65.0
579.5,-65.0
579.6,-65.0
579.7,-65.0
579.8,-65.0
579.9000000000001,-65.0
580.0000000000001,-65.0
580.1,-65.0
580.2,-65.0
580.3000000000001,-65.0
580.4,-65.0
580.5,-65.0
580.6,-65.0
580.7,-65.0
580.8,-65.0
580.9000000000001,-65.0
581.0000000000001,-65.0
581.1,-65.0
581.2,-65.0
581.3000000000001,-65.0
581.4,-65.0
581.5,-65.0
581.6,-65.0
581.7,-65.0
581.8,-65.0
581.9,-65.0
582.0000000000001,-65.0
582.1,-65.0
582.2,-65.0
582.3000000000001,-65.0
582.4,-65.0
582.5,-65.0
582.6,-65.0
582.7,-65.0
582.8,-65.0
582.9,-65.0
583.0000000000001,-65.0
583.1,-65.0
583.2,-65.0
583.3000000000001,-62.01224137921902
583.4,-59.94303890023341
583.5,-57.92972449109487
583.6,-55.524144509007044
583.7,-65.0
583.8,-65.0
583.9,-65.0
584.0000000000001,-65.0
584.1,-65.0
584.2,-65.0
584.3000000000001,-65.0
584.4,-65.0
584.5,-65.0
584.6,-65.0
584.7,-65.0
584.8,-65.0
584.9,-65.0
585.0000000000001,-65.0
585.1,-65.0
585.2,-65.0
585.3000000000001,-65.0
585.4,-65.0
585.5,-65.0
585.6,-65.0
585.7,-65.0
585.8,-65.0
585.9,-65.0
586.0000000000001,-65.0
586.1,-65.0
586.2,-65.0
586.3000000000001,-65.0
586.4,-65.0
586.5,-65.0
586.6,-65.0
586.7,-65.0
586.8,-65.0
586.9,-65.0
587.0000000000001,-65.0
587.1,-65.0
587.2,-65.0
587.3000000000001,-65.0
587.4,-65.0
587.5,-65.0
587.6,-65.0
587.7,-65.0
587.8,-65.0
587.9,-65.0
588.0000000000001,-65.0
588.1,-65.0
588.2,-65.0
588.3000000000001,-65.0
588.4000000000001,-65.0
588.5,-65.0
588.6,-65.0
588.7,-65.0
588.8,-65.0
588.9,-63.41799627140097
589.0000000000001,-61.44828690813593
589.1,-59.252590492751
589.2,-57.4219686678174
589.3000000000001,-65.0
589.4000000000001,-65.0
589.5,-65.0
589.6,-65.0
589.7,-65.0
589.8,-65.0
589.9,-65.0
590.0000000000001,-65.0
590.1,-65.0
590.2,-65.0
590.3000000000001,-65.0
590.4000000000001,-65.0
590.5,-65.0
590.6,-65.0
590.7,-65.0
590.8,-65.0
590.9,-65.0
591.0000000000001,-65.0
591.1,-65.0
591.2,-65.0
591.3000000000001,-65.0
591.4000000000001,-65.0
591.5,-65.0
591.6,-65.0
591.7,-65.0
591.8,-65.0
591.9,-65.0
592.0000000000001,-65.0
592.1,-65.0
592.2,-65.0
592.3000000000001,-65.0
592.4000000000001,-65.0
592.5,-65.0
592.6,-65.0
592.7,-65.0
592.8,-65.0
592.9,-65.0
593.0000000000001,-65.0
593.1,-65.0
593.2,-65.0
593.3000000000001,-65.0
593.4000000000001,-65.0
593.5,-65.0
593.6,-65.0
593.7,-65.0
593.8,-65.0
593.9,-65.0
594.0000000000001,-65.0
594.1,-65.0
594.2,-65.0
594.3000000000001,-65.0
594.4000000000001,-65.0
594.5,-63.898401238649846
594.6,-61.51564299806284
594.7,-59.404270478232846
594.8,-57.30352684430677
594.9,-65.0
595.0,-65.0
595.1,-65.0
595.2,-65.0
595.3000000000001,-65.0
595.4000000000001,-65.0
595.5,-65.0
595.6,-65.0
595.7,-65.0
595.8,-65.0
595.9,-65.0
596.0,-65.0
596.1,-65.0
596.2,-65.0
596.3000000000001,-65.0
596.4000000000001,-65.0
596.5,-65.0
596.6,-65.0
596.7,-65.0
596.8,-65.0
596.9,-65.0
597.0,-65.0
597.1,-65.0
597.2,-65.0
597.3000000000001,-65.0
597.4000000000001,-65.0
597.5,-65.0
597.6,-65.0
597.7,-65.0
597.8,-65.0
597.9,-65.0
598.0,-65.0
598.1,-65.0
598.2,-65.0
598.3000000000001,-65.0
598.4000000000001,-65.0
598.5,-65.0
598.6,-65.0
598.7,-65.0
598.8,-65.0
598.9,-65.0
599.0,-65.0
599.1,-65.0
599.2,-65.0
599.3000000000001,-65.0
599.4000000000001,-65.0
599.5,-65.0
599.6,-65.0
599.7,-65.0
599.8,-65.0
599.9,-65.0
600.0,-65.0
600.1,-63.29845006756937
600.2,-61.075719017776954
600.3000000000001,-59.67435400127056
600.4000000000001,-57.72035392233425
600.5,-55.911509923549026
600.6,-65.0
600.7,-65.0
600.8,-65.0
600.9,-65.0
601.0,-65.0
601.1,-65.0
601.2,-65.0
601.3000000000001,-65.0
601.4000000000001,-65.0
601.5,-65.0
601.6,-65.0
601.7,-65.0
601.8,-65.0
601.9,-65.0
602.0,-65.0
602.1000000000001,-65.0
602.2,-65.0
602.3000000000001,-65.0
602.4000000000001,-65.0
602.5,-65.0
602.6,-65.0
602.7,-65.0
602.8,-65.0
602.9,-65.0
603.0,-65.0
603.1000000000001,-65.0
603.2,-65.0
603.3000000000001,-65.0
603.4000000000001,-65.0
603.5,-65.0
603.6,-65.0
603.7,-65.0
603.8,-65.0
603.9,-65.0
604.0,-65.0
604.1000000000001,-65.0
604.2,-65.0
604.3000000000001,-65.0
604.4000000000001,-65.0
604.5,-65.0
604.6,-65.0
604.7,-65.0
604.8,-65.0
604.9,-65.0
605.0,-65.0
605.1000000000001,-65.0
605.2,-65.0
605.3000000000001,-65.0
605.4000000000001,-65.0
605.5,-65.0
605.6,-65.0
605.7,-65.0
605.8,-63.403937139348415
605.9,-61.28116660262962
606.0,-60.0848784542304
606.1000000000001,-58.024414973589685
606.2,-55.05421053989667
606.3000000000001,-65.0
606.4000000000001,-65.0
606.5,-65.0
606.6,-65.0
606.7,-65.0
606.8,-65.0
606.9,-65.0
607.0,-65.0
607.1000000000001,-65.0
607.2,-65.0
607.3000000000001,-65.0
607.4000000000001,-65.0
607.5,-65.0
607.6,-65.0
607.7,-65.0
607.8,-65.0
607.9,-65.0
608.0,-65.0
608.1,-65.0
608.2,-65.0
608.3000000000001,-65.0
608.4000000000001,-65.0
608.5,-65.0
608.6,-65.0
608.7,-65.0
608.8,-65.0
608.9,-65.0
609.0,-65.0
609.1,-65.0
609.2,-65.0
609.3000000000001,-65.0
609.4000000000001,-65.0
609.5,-65.0
609.6,-65.0
609.7,-65.0
609.8,-65.0
609.9,-65.0
610.0,-65.0
610.1,-65.0
610.2,-65.0
610.3000000000001,-65.0
610.4000000000001,-65.0
610.5,-65.0
610.6,-65.0
610.7,-65.0
610.8,-65.0
610.9,-65.0
611.0,-65.0
611.1,-65.0
611.2,-65.0
611.3000000000001,-65.0
611.4000000000001,-65.0
611.5,-63.378629586969396
611.6,-62.23589729933196
611.7,-59.72284880249539
611.8,-58.31822343364294
611.9,-56.30660962313708
612.0,-65.0
612.1,-65.0
612.2,-65.0
612.3000000000001,-65.0
612.4000000000001,-65.0
612.5,-65.0
612.6,-65.0
612.7,-65.0
612.8,-65.0
612.9,-65.0
613.0,-65.0
613.1,-65.0
613.2,-65.0
613.3000000000001,-65.0
613.4000000000001,-65.0
613.5,-65.0
613.6,-65.0
613.7,-65.0
613.8000000000001,-65.0
613.9,-65.0
614.0,-65.0
614.1,-65.0
614.2,-65.0
614.3000000000001,-65.0
614.4000000000001,-65.0
614.5,-65.0
614.6,-65.0
614.7,-65.0
614.8000000000001,-65.0
614.9,-65.0
615.0,-65.0
615.1,-65.0
615.2,-65.0
615.3000000000001,-65.0
615.4000000000001,-65.0
615.5,-65.0
615.6,-65.0
615.7,-65.0
615.8000000000001,-65.0
615.9,-65.0
616.0,-65.0
616.1,-65.0
616.2,-65.0
616.3000000000001,-65.0
616.4000000000001,-65.0
616.5,-65.0
616.6,-65.0
616.7,-65.0
616.8000000000001,-65.0
616.9,-65.0
617.0,-65.0
617.1,-65.0
617.2,-62.73637155331256
617.3000000000001,-60.745782629278835
617.4000000000001,-58.03864839434554
617.5,-55.440014386989354
617.6,-65.0
617.7,-65.0
617.8000000000001,-65.0
617.9,-65.0
618.0,-65.0
618.1,-65.0
618.2,-65.0
618.3000000000001,-65.0
618.4000000000001,-65.0
618.5,-65.0
618.6,-65.0
618.7,-65.0
618.8000000000001,-65.0
618.9,-65.0
619.0,-65.0
619.1,-65.0
619.2,-65.0
619.3000000000001,-65.0
619.4000000000001,-65.0
619.5,-65.0
619.6,-65.0
619.7,-65.0
619.8000000000001,-65.0
619.9,-65.0
620.0,-65.0
620.1,-65.0
620.2,-65.0
620.3000000000001,-65.0
620.4000000000001,-65.0
620.5,-65.0
620.6,-65.0
620.7,-65.0
620.8000000000001,-65.0
620.9,-65.0
621.0,-65.0
621.1,-65.0
621.1999999999999,-65.0
621.3000000000001,-65.0
621.4000000000001,-65.0
621.5,-65.0
621.6,-65.0
621.7,-65.0
621.8000000000001,-65.0
621.9,-65.0
622.0,-65.0
622.1,-65.0
622.1999999999999,-65.0
622.3000000000001,-65.0
622.4000000000001,-65.0
622.5,-65.0
622.6,-65.0
622.7,-65.0
622.8000000000001,-63.38360716707683
622.9,-61.47825214244649
623.0,-58.903834724640355
623.1,-57.64552925361106
623.1999999999999,-56.0685962800612
623.3000000000001,-65.0
623.4000000000001,-65.0
623.5,-65.0
623.6,-65.0
623.7,-65.0
623.8000000000001,-65.0
623.9,-65.0
624.0,-65.0
624.1,-65.0
624.1999999999999,-65.0
624.3000000000001,-65.0
624.4000000000001,-65.0
624.5,-65.0
624.6,-65.0
624.7,-65.0
624.8000000000001,-65.0
624.9,-65.0
625.0,-65.0
625.1,-65.0
625.1999999999999,-65.0
625.3000000000001,-65.0
625.4000000000001,-65.0
625.5,-65.0
625.6,-65.0
625.7,-65.0
625.8000000000001,-65.0
625.9,-65.0
626.0,-65.0
626.1,-65.0
626.1999999999999,-65.0
626.3000000000001,-65.0
626.4000000000001,-65.0
626.5,-65.0
626.6,-65.0
626.7,-65.0
626.8000000000001,-65.0
626.9,-65.0
627.0,-65.0
627.1,-65.0
627.1999999999999,-65.0
627.3000000000001,-65.0
627.4000000000001,-65.0
627.5000000000001,-65.0
627.6,-65.0
627.7,-65.0
627.8000000000001,-65.0
627.9,-65.0
628.0,-65.0
628.1,-65.0
628.1999999999999,-65.0
628.3000000000001,-65.0
628.4000000000001,-65.0
628.5000000000001,-62.94782471132759
628.6,-61.407413436512364
628.7,-58.73444151414417
628.8000000000001,-56.84537955147497
628.9,-55.362704291319154
629.0,-65.0
629.1,-65.0
629.1999999999999,-65.0
629.3000000000001,-65.0
629.4000000000001,-65.0
629.5000000000001,-65.0
629.6,-65.0
629.7,-65.0
629.8000000000001,-65.0
629.9,-65.0
630.0,-65.0
630.1,-65.0
630.1999999999999,-65.0
630.3000000000001,-65.0
630.4000000000001,-65.0
630.5000000000001,-65.0
630.6,-65.0
630.7,-65.0
630.8000000000001,-65.0
630.9,-65.0
631.0,-65.0
631.1,-65.0
631.1999999999999,-65.0
631.3000000000001,-65.0
631.4000000000001,-65.0
631.5000000000001,-65.0
631.6,-65.0
631.7,-65.0
631.8000000000001,-65.0
631.9,-65.0
632.0,-65.0
632.1,-65.0
632.1999999999999,-65.0
632.3000000000001,-65.0
632.4000000000001,-65.0
632.5000000000001,-65.0
632.6,-65.0
632.7,-65.0
632.8000000000001,-65.0
632.9,-65.0
633.0,-65.0
633.1,-65.0
633.1999999999999,-65.0
633.3000000000001,-65.0
633.4000000000001,-65.0
633.5000000000001,-65.0
633.6,-65.0
633.7,-65.0
633.8000000000001,-65.0
633.9,-65.0
634.0,-65.0
634.1,-65.0
634.1999999999999,-62.86624460791167
634.3,-61.16516734635834
634.4000000000001,-58.95427524543329
634.5000000000001,-56.279961489786885
634.6,-65.0
634.7,-65.0
634.8000000000001,-65.0
634.9,-65.0
635.0,-65.0
635.1,-65.0
635.1999999999999,-65.0
635.3,-65.0
635.4000000000001,-65.0
635.5000000000001,-65.0
635.6,-65.0
635.7,-65.0
635.8000000000001,-65.0
635.9,-65.0
636.0,-65.0
636.1,-65.0
636.1999999999999,-65.0
636.3,-65.0
636.4000000000001,-65.0
636.5000000000001,-65.0
636.6,-65.0
636.7,-65.0
636.8000000000001,-65.0
636.9,-65.0
637.0,-65.0
637.1,-65.0
637.2,-65.0
637.3,-65.0
637.4000000000001,-65.0
637.5000000000001,-65.0
637.6,-65.0
637.7,-65.0
637.8000000000001,-65.0
637.9,-65.0
638.0,-65.0
638.1,-65.0
638.2,-65.0
638.3,-65.0
638.4000000000001,-65.0
638.5000000000001,-65.0
638.6,-65.0
638.7,-65.0
638.8000000000001,-65.0
638.9,-65.0
639.0,-65.0
639.1,-65.0
639.2,-65.0
639.3,-65.0
639.4000000000001,-65.0
639.5000000000001,-65.0
639.6,-65.0
639.7,-65.0
639.8000000000001,-63.3427744822153
639.9,-61.42662575747185
640.0,-59.59251967095747
640.1,-58.750885066704846
640.2,-56.49002041862941
640.3,-65.0
640.4000000000001,-65.0
640.5000000000001,-65.0
640.6,-65.0
640.7,-65.0
640.8000000000001,-65.0
640.9,-65.0
641.0,-65.0
641.1,-65.0
641.2,-65.0
641.3,-65.0
641.4000000000001,-65.0
641.5000000000001,-65.0
641.6,-65.0
641.7,-65.0
641.8000000000001,-65.0
641.9,-65.0
642.0,-65.0
642.1,-65.0
642.2,-65.0
642.3,-65.0
642.4000000000001,-65.0
642.5000000000001,-65.0
642.6,-65.0
642.7,-65.0
642.8000000000001,-65.0
642.9,-65.0
643.0,-65.0
643.1,-65.0
643.2,-65.0
643.3,-65.0
643.4000000000001,-65.0
643.5000000000001,-65.0
643.6,-65.0
643.7,-65.0
643.8000000000001,-65.0
643.9,-65.0
644.0,-65.0
644.1,-65.0
644.2,-65.0
644.3,-65.0
644.4000000000001,-65.0
644.5000000000001,-65.0
644.6,-65.0
644.7,-65.0
644.8000000000001,-65.0
644.9,-65.0
645.0,-65.0
645.1,-65.0
645.2,-65.0
645.3,-65.0
645.4000000000001,-65.0
645.5000000000001,-62.97054808486835
645.6,-61.46374023469535
645.7,-59.44518265271641
645.8000000000001,-58.32159527843474
645.9,-56.636219980205134
646.0,-65.0
646.1,-65.0
646.2,-65.0
646.3,-65.0
646.4000000000001,-65.0
646.5000000000001,-65.0
646.6,-65.0
646.7,-65.0
646.8000000000001,-65.0
646.9,-65.0
647.0,-65.0
647.1,-65.0
647.2,-65.0
647.3,-65.0
647.4000000000001,-65.0
647.5000000000001,-65.0
647.6,-65.0
647.7,-65.0
647.8000000000001,-65.0
647.9,-65.0
648.0,-65.0
648.1,-65.0
648.2,-65.0
648.3,-65.0
648.4,-65.0
648.5000000000001,-65.0
648.6,-65.0
648.7,-65.0
648.8000000000001,-65.0
648.9,-65.0
649.0,-65.0
649.1,-65.0
649.2,-65.0
649.3,-65.0
649.4,-65.0
649.5000000000001,-65.0
649.6,-65.0
649.7,-65.0
649.8000000000001,-65.0
649.9,-65.0
650.0,-65.0
650.1,-65.0
650.2,-65.0
650.3,-65.0
650.4,-65.0
650.5000000000001,-65.0
650.6,-65.0
650.7,-65.0
650.8000000000001,-65.0
650.9000000000001,-65.0
651.0,-65.0
651.1,-65.0
651.2,-63.60190270291071
651.3,-61.33898451948099
651.4,-58.825152743823914
651.5000000000001,-56.70145901459268
651.6,-65.0
651.7,-65.0
651.8000000000001,-65.0
651.9000000000001,-65.0
652.0,-65.0
652.1,-65.0
652.2,-65.0
652.3,-65.0
652.4,-65.0
652.5000000000001,-65.0
652.6,-65.0
652.7,-65.0
652.8000000000001,-65.0
652.9000000000001,-65.0
653.0,-65.0
653.1,-65.0
653.2,-65.0
653.3,-65.0
653.4,-65.0
653.5000000000001,-65.0
653.6,-65.0
653.7,-65.0
653.8000000000001,-65.0
653.9000000000001,-65.0
654.0,-65.0
654.1,-65.0
654.2,-65.0
654.3,-65.0
654.4,-65.0
654.5000000000001,-65.0
654.6,-65.0
654.7,-65.0
654.8000000000001,-65.0
654.9000000000001,-65.0
655.0,-65.0
655.1,-65.0
655.2,-65.0
655.3,-65.0
655.4,-65.0
655.5000000000001,-65.0
655.6,-65.0
655.7,-65.0
655.8000000000001,-65.0
655.9000000000001,-65.0
656.0,-65.0
656.1,-65.0
656.2,-65.0
656.3,-65.0
656.4,-65.0
656.5000000000001,-65.0
656.6,-65.0
656.7,-65.0
656.8000000000001,-63.25132166455594
656.9000000000001,-61.373286629109046
657.0,-58.77719112052223
657.1,-57.62278136113248
657.2,-56.338779699534406
657.3,-65.0
657.4,-65.0
657.5000000000001,-65.0
657.6,-65.0
657.7,-65.0
657.8000000000001,-65.0
657.9000000000001,-65.0
658.0,-65.0
658.1,-65.0
658.2,-65.0
658.3,-65.0
658.4,-65.0
658.5000000000001,-65.0
658.6,-65.0
658.7,-65.0
658.8000000000001,-65.0
658.9000000000001,-65.0
659.0,-65.0
659.1,-65.0
659.2,-65.0
659.3,-65.0
659.4,-65.0
659.5000000000001,-65.0
659.6,-65.0
659.7,-65.0
659.8000000000001,-65.0
659.9000000000001,-65.0
660.0,-65.0
660.1,-65.0
660.2,-65.0
660.3,-65.0
660.4,-65.0
660.5000000000001,-65.0
660.6,-65.0
660.7,-65.0
660.8000000000001,-65.0
660.9000000000001,-65.0
661.0,-65.0
661.1,-65.0
661.2,-65.0
661.3,-65.0
661.4,-65.0
661.5,-65.0
661.6,-65.0
661.7,-65.0
661.8000000000001,-65.0
661.9000000000001,-65.0
662.0,-65.0
662.1,-65.0
662.2,-65.0
662.3,-65.0
662.4,-65.0
662.5,-63.351745958064335
662.6,-61.18387319943601
662.7,-58.79421915092881
662.8000000000001,-56.54392424769962
662.9000000000001,-65.0
663.0,-65.0
663.1,-65.0
663.2,-65.0
663.3,-65.0
663.4,-65.0
663.5,-65.0
663.6,-65.0
663.7,-65.0
663.8000000000001,-65.0
663.9000000000001,-65.0
664.0,-65.0
664.1,-65.0
664.2,-65.0
664.3,-65.0
664.4,-65.0
664.5,-65.0
664.6000000000001,-65.0
664.7,-65.0
664.8000000000001,-65.0
664.9000000000001,-65.0
665.0,-65.0
665.1,-65.0
665.2,-65.0
665.3,-65.0
665.4,-65.0
665.5,-65.0
665.6000000000001,-65.0
665.7,-65.0
665.8000000000001,-65.0
665.9000000000001,-65.0
666.0,-65.0
666.1,-65.0
666.2,-65.0
666.3,-65.0
666.4,-65.0
666.5,-65.0
666.6000000000001,-65.0
666.7,-65.0
666.8000000000001,-65.0
666.9000000000001,-65.0
667.0,-65.0
667.1,-65.0
667.2,-65.0
667.3,-65.0
667.4,-65.0
667.5,-65.0
667.6000000000001,-65.0
667.7,-65.0
667.8000000000001,-65.0
667.9000000000001,-65.0
668.0,-65.0
668.1,-62.7393513219182
668.2,-61.12086012976958
668.3,-58.81474774506888
668.4,-56.743668037704026
668.5,-55.621737529209604
668.6000000000001,-65.0
668.7,-65.0
668.8000000000001,-65.0
668.9000000000001,-65.0
669.0,-65.0
669.1,-65.0
669.2,-65.0
669.3,-65.0
669.4,-65.0
669.5,-65.0
669.6000000000001,-65.0
669.7,-65.0
669.8000000000001,-65.0
669.9000000000001,-65.0
670.0,-65.0
670.1,-65.0
670.2,-65.0
670.3,-65.0
670.4,-65.0
670.5,-65.0
670.6000000000001,-65.0
670.7,-65.0
670.8000000000001,-65.0
670.9000000000001,-65.0
671.0,-65.0
671.1,-65.0
671.2,-65.0
671.3,-65.0
671.4,-65.0
671.5,-65.0
671.6000000000001,-65.0
671.7,-65.0
671.8000000000001,-65.0
671.9000000000001,-65.0
672.0,-65.0
672.1,-65.0
672.2,-65.0
672.3,-65.0
672.4,-65.0
672.5,-65.0
672.6000000000001,-65.0
672.7,-65.0
672.8000000000001,-65.0
672.9000000000001,-65.0
673.0,-65.0
673.1,-65.0
673.2,-65.0
673.3,-65.0
673.4,-65.0
673.5,-65.0
673.6000000000001,-65.0
673.7,-65.0
673.8000000000001,-63.236088322058166
673.9000000000001,-60.44999463231474
674.0,-59.06445562133465
674.1,-57.13002124372263
674.2,-65.0
674.3,-65.0
674.4,-65.0
674.5,-65.0
674.6,-65.0
674.7,-65.0
674.8000000000001,-65.0
674.9000000000001,-65.0
675.0,-65.0
675.1,-65.0
675.2,-65.0
675.3,-65.0
675.4,-65.0
675.5,-65.0
675.6,-65.0
675.7,-65.0
675.8000000000001,-65.0
675.9000000000001,-65.0
676.0,-65.0
676.1,-65.0
676.2,-65.0
676.3000000000001,-65.0
676.4,-65.0
676.5,-65.0
676.6,-65.0
676.7,-65.0
676.8000000000001,-65.0
676.9000000000001,-65.0
677.0,-65.0
677.1,-65.0
677.2,-65.0
677.3000000000001,-65.0
677.4,-65.0
677.5,-65.0
677.6,-65.0
677.7,-65.0
677.8000000000001,-65.0
677.9000000000001,-65.0
678.0,-65.0
678.1,-65.0
678.2,-65.0
678.3000000000001,-65.0
678.4,-65.0
678.5,-65.0
678.6,-65.0
678.7,-65.0
678.8000000000001,-65.0
678.9000000000001,-65.0
679.0,-65.0
679.1,-65.0
679.2,-65.0
679.3000000000001,-65.0
679.4,-62.45121752732709
679.5,-60.131122198275435
679.6,-57.341944646382544
679.7,-55.493888979298966
679.8000000000001,-65.0
679.9000000000001,-65.0
680.0,-65.0
680.1,-65.0
680.2,-65.0
680.3000000000001,-65.0
680.4,-65.0
680.5,-65.0
680.6,-65.0
680.7,-65.0
680.8000000000001,-65.0
680.9000000000001,-65.0
681.0,-65.0
681.1,-65.0
681.2,-65.0
681.3000000000001,-65.0
681.4,-65.0
681.5,-65.0
681.6,-65.0
681.7,-65.0
681.8000000000001,-65.0
681.9000000000001,-65.0
682.0,-65.0
682.1,-65.0
682.2,-65.0
682.3000000000001,-65.0
682.4,-65.0
682.5,-65.0
682.6,-65.0
682.7,-65.0
682.8000000000001,-65.0
682.9000000000001,-65.0
683.0,-65.0
683.1,-65.0
683.2,-65.0
683.3000000000001,-65.0
683.4,-65.0
683.5,-65.0
683.6,-65.0
683.7,-65.0
683.8000000000001,-65.0
683.9000000000001,-65.0
684.0,-65.0
684.1,-65.0
684.2,-65.0
684.3000000000001,-65.0
684.4,-65.0
684.5,-65.0
684.6,-65.0
684.7,-65.0
684.8000000000001,-65.0
684.9000000000001,-65.0
685.0,-62.73029156242768
685.1,-61.1443454228395
685.2,-58.8241345413977
685.3000000000001,-56.959452744764334
685.4,-65.0
685.5,-65.0
685.6,-65.0
685.7,-65.0
685.8000000000001,-65.0
685.9000000000001,-65.0
686.0,-65.0
686.1,-65.0
686.2,-65.0
686.3000000000001,-65.0
686.4,-65.0
686.5,-65.0
686.6,-65.0
686.7,-65.0
686.8000000000001,-65.0
686.9000000000001,-65.0
687.0,-65.0
687.1,-65.0
687.2,-65.0
687.3000000000001,-65.0
687.4,-65.0
687.5,-65.0
687.6,-65.0
687.6999999999999,-65.0
687.8000000000001,-65.0
687.9000000000001,-65.0
688.0,-65.0
688.1,-65.0
688.2,-65.0
688.3000000000001,-65.0
688.4,-65.0
688.5,-65.0
688.6,-65.0
688.6999999999999,-65.0
688.8000000000001,-65.0
688.9000000000001,-65.0
689.0,-65.0
689.1,-65.0
689.2,-65.0
689.3000000000001,-65.0
689.4,-65.0
689.5,-65.0
689.6,-65.0
689.6999999999999,-65.0
689.8000000000001,-65.0
689.9000000000001,-65.0
690.0000000000001,-65.0
690.1,-65.0
690.2,-65.0
690.3000000000001,-65.0
690.4,-65.0
690.5,-65.0
690.6,-62.84784216257799
690.6999999999999,-60.214832322836976
690.8000000000001,-58.37175580051241
690.9000000000001,-57.008677818787426
691.0000000000001,-55.184574812310395
691.1,-65.0
691.2,-65.0
691.3000000000001,-65.0
691.4,-65.0
691.5,-65.0
691.6,-65.0
691.6999999999999,-65.0
691.8000000000001,-65.0
691.9000000000001,-65.0
692.0000000000001,-65.0
692.1,-65.0
692.2,-65.0
692.3000000000001,-65.0
692.4,-65.0
692.5,-65.0
692.6,-65.0
692.6999999999999,-65.0
692.8000000000001,-65.0
692.9000000000001,-65.0
693.0000000000001,-65.0
693.1,-65.0
693.2,-65.0
693.3000000000001,-65.0
693.4,-65.0
693.5,-65.0
693.6,-65.0
693.6999999999999,-65.0
693.8000000000001,-65.0
693.9000000000001,-65.0
694.0000000000001,-65.0
694.1,-65.0
694.2,-65.0
694.3000000000001,-65.0
694.4,-65.0
694.5,-65.0
694.6,-65.0
694.6999999999999,-65.0
694.8000000000001,-65.0
694.9000000000001,-65.0
695.0000000000001,-65.0
695.1,-65.0
695.2,-65.0
695.3000000000001,-65.0
695.4,-65.0
695.5,-65.0
695.6,-65.0
695.6999999999999,-65.0
695.8000000000001,-65.0
695.9000000000001,-65.0
696.0000000000001,-65.0
696.1,-65.0
696.2,-65.0
696.3000000000001,-63.42562370227585
696.4,-61.389707709887375
696.5,-58.77145330146572
696.6,-57.29626237961335
696.6999999999999,-55.67418252349366
696.8000000000001,-65.0
696.9000000000001,-65.0
697.0000000000001,-65.0
697.1,-65.0
697.2,-65.0
697.3000000000001,-65.0
697.4,-65.0
697.5,-65.0
697.6,-65.0
697.6999999999999,-65.0
697.8000000000001,-65.0
697.9000000000001,-65.0
698.0000000000001,-65.0
698.1,-65.0
698.2,-65.0
698.3000000000001,-65.0
698.4,-65.0
698.5,-65.0
698.6,-65.0
698.6999999999999,-65.0
698.8000000000001,-65.0
698.9000000000001,-65.0
699.0000000000001,-65.0
699.1,-65.0
699.2,-65.0
699.3000000000001,-65.0
699.4,-65.0
699.5,-65.0
699.6,-65.0
699.7,-65.0
699.8000000000001,-65.0
699.9000000000001,-65.0
700.0000000000001,-65.0
700.1,-65.0
700.2,-65.0
700.3000000000001,-65.0
700.4,-65.0
700.5,-65.0
700.6,-65.0
700.7,-65.0
700.8,-65.0
700.9000000000001,-65.0
701.0000000000001,-65.0
701.1,-65.0
701.2,-65.0
701.3000000000001,-65.0
701.4,-65.0
701.5,-65.0
701.6,-65.0
701.7,-65.0
701.8,-65.0
701.9000000000001,-65.0
702.0000000000001,-63.14891235680807
702.1,-61.414578399888235
702.2,-58.73144804858519
702.3000000000001,-57.304216962763945
702.4,-65.0
702.5,-65.0
702.6,-65.0
702.7,-65.0
702.8,-65.0
702.9000000000001,-65.0
703.0000000000001,-65.0
703.1,-65.0
703.2,-65.0
703.3000000000001,-65.0
703.4,-65.0
703.5,-65.0
703.6,-65.0
703.7,-65.0
703.8,-65.0
703.9000000000001,-65.0
704.0000000000001,-65.0
704.1,-65.0
704.2,-65.0
704.3000000000001,-65.0
704.4,-65.0
704.5,-65.0
704.6,-65.0
704.7,-65.0
704.8,-65.0
704.9000000000001,-65.0
705.0000000000001,-65.0
705.1,-65.0
705.2,-65.0
705.3000000000001,-65.0
705.4,-65.0
705.5,-65.0
705.6,-65.0
705.7,-65.0
705.8,-65.0
705.9000000000001,-65.0
706.0000000000001,-65.0
706.1,-65.0
706.2,-65.0
706.3000000000001,-65.0
706.4,-65.0
706.5,-65.0
706.6,-65.0
706.7,-65.0
706.8,-65.0
706.9000000000001,-65.0
707.0000000000001,-65.0
707.1,-65.0
707.2,-65.0
707.3000000000001,-65.0
707.4,-65.0
707.5,-65.0
707.6,-62.52272662037355
707.7,-60.06589031610587
707.8,-58.05681474998078
707.9000000000001,-55.73636296840167
708.0000000000001,-65.0
708.1,-65.0
708.2,-65.0
708.3000000000001,-65.0
708.4,-65.0
708.5,-65.0
708.6,-65.0
708.7,-65.0
708.8,-65.0
708.9000000000001,-65.0
709.0000000000001,-65.0
709.1,-65.0
709.2,-65.0
709.3000000000001,-65.0
709.4,-65.0
709.5,-65.0
709.6,-65.0
709.7,-65.0
709.8,-65.0
709.9000000000001,-65.0
710.0000000000001,-65.0
710.1,-65.0
710.2,-65.0
710.3000000000001,-65.0
710.4,-65.0
710.5,-65.0
710.6,-65.0
710.7,-65.0
710.8,-65.0
710.9000000000001,-65.0
711.0000000000001,-65.0
711.1,-65.0
711.2,-65.0
711.3000000000001,-65.0
711.4,-65.0
711.5,-65.0
711.6,-65.0
711.7,-65.0
711.8,-65.0
711.9000000000001,-65.0
712.0000000000001,-65.0
712.1,-65.0
712.2,-65.0
712.3000000000001,-65.0
712.4,-65.0
712.5,-65.0
712.6,-65.0
712.7,-65.0
712.8,-65.0
712.9000000000001,-65.0
713.0000000000001,-65.0
713.1,-65.0
713.2,-63.800148854448736
713.3000000000001,-61.47192060145594
713.4000000000001,-60.00623627838095
713.5,-57.43030199140079
713.6,-65.0
713.7,-65.0
713.8,-65.0
713.9,-65.0
714.0000000000001,-65.0
714.1,-65.0
714.2,-65.0
714.3000000000001,-65.0
714.4000000000001,-65.0
714.5,-65.0
714.6,-65.0
714.7,-65.0
714.8,-65.0
714.9,-65.0
715.0000000000001,-65.0
715.1,-65.0
715.2,-65.0
715.3000000000001,-65.0
715.4000000000001,-65.0
715.5,-65.0
715.6,-65.0
715.7,-65.0
715.8,-65.0
715.9,-65.0
716.0000000000001,-65.0
716.1,-65.0
716.2,-65.0
716.3000000000001,-65.0
716.4000000000001,-65.0
716.5,-65.0
716.6,-65.0
716.7,-65.0
716.8,-65.0
716.9,-65.0
717.0000000000001,-65.0
717.1,-65.0
717.2,-65.0
717.3000000000001,-65.0
717.4000000000001,-65.0
717.5,-65.0
717.6,-65.0
717.7,-65.0
717.8,-65.0
717.9,-65.0
718.0000000000001,-65.0
718.1,-65.0
718.2,-65.0
718.3000000000001,-65.0
718.4000000000001,-65.0
718.5,-65.0
718.6,-65.0
718.7,-65.0
718.8,-62.638694638341235
718.9,-60.393979159267886
719.0000000000001,-57.97094084248256
719.1,-56.495191243634245
719.2,-55.42009175763616
719.3000000000001,-65.0
719.4000000000001,-65.0
719.5,-65.0
719.6,-65.0
719.7,-65.0
719.8,-65.0
719.9,-65.0
720.0000000000001,-65.0
720.1,-65.0
720.2,-65.0
720.3000000000001,-65.0
720.4000000000001,-65.0
720.5,-65.0
720.6,-65.0
720.7,-65.0
720.8,-65.0
720.9,-65.0
721.0000000000001,-65.0
721.1,-65.0
721.2,-65.0
721.3000000000001,-65.0
721.4000000000001,-65.0
721.5,-65.0
721.6,-65.0
721.7,-65.0
721.8,-65.0
721.9,-65.0
722.0000000000001,-65.0
722.1,-65.0
722.2,-65.0
722.3000000000001,-65.0
722.4000000000001,-65.0
722.5,-65.0
722.6,-65.0
722.7,-65.0
722.8,-65.0
722.9,-65.0
723.0000000000001,-65.0
723.1,-65.0
723.2,-65.0
723.3000000000001,-65.0
723.4000000000001,-65.0
723.5,-65.0
723.6,-65.0
723.7,-65.0
723.8,-65.0
723.9,-65.0
724.0000000000001,-65.0
724.1,-65.0
724.2,-65.0
724.3000000000001,-65.0
724.4000000000001,-65.0
724.5,-63.42004221705586
724.6,-61.35465959845678
724.7,-59.625225478279674
724.8,-57.390863264710624
724.9,-55.575830819632415
725.0000000000001,-65.0
725.1,-65.0
725.2,-65.0
725.3000000000001,-65.0
725.4000000000001,-65.0
725.5,-65.0
725.6,-65.0
725.7,-65.0
725.8,-65.0
725.9,-65.0
726.0000000000001,-65.0
726.1,-65.0
726.2,-65.0
726.3000000000001,-65.0
726.4000000000001,-65.0
726.5,-65.0
726.6,-65.0
726.7,-65.0
726.8,-65.0
726.9,-65.0
727.0,-65.0
727.1000000000001,-65.0
727.2,-65.0
727.3000000000001,-65.0
727.4000000000001,-65.0
727.5,-65.0
727.6,-65.0
727.7,-65.0
727.8,-65.0
727.9,-65.0
728.0,-65.0
728.1000000000001,-65.0
728.2,-65.0
728.3000000000001,-65.0
728.4000000000001,-65.0
728.5,-65.0
728.6,-65.0
728.7,-65.0
728.8,-65.0
728.9,-65.0
729.0,-65.0
729.1000000000001,-65.0
729.2,-65.0
729.3000000000001,-65.0
729.4000000000001,-65.0
729.5,-65.0
729.6,-65.0
729.7,-65.0
729.8,-65.0
729.9,-65.0
730.0,-65.0
730.1000000000001,-65.0
730.2,-62.847695688789756
730.3000000000001,-60.405401929817195
730.4000000000001,-58.00668047328757
730.5,-56.80907237780335
730.6,-65.0
730.7,-65.0
730.8,-65.0
730.9,-65.0
731.0,-65.0
731.1000000000001,-65.0
731.2,-65.0
731.3000000000001,-65.0
731.4000000000001,-65.0
731.5,-65.0
731.6,-65.0
731.7,-65.0
731.8,-65.0
731.9,-65.0
732.0,-65.0
732.1000000000001,-65.0
732.2,-65.0
732.3000000000001,-65.0
732.4000000000001,-65.0
732.5,-65.0
732.6,-65.0
732.7,-65.0
732.8,-65.0
732.9,-65.0
733.0,-65.0
733.1000000000001,-65.0
733.2,-65.0
733.3000000000001,-65.0
733.4000000000001,-65.0
733.5,-65.0
733.6,-65.0
733.7,-65.0
733.8,-65.0
733.9,-65.0
734.0,-65.0
734.1000000000001,-65.0
734.2,-65.0
734.3000000000001,-65.0
734.4000000000001,-65.0
734.5,-65.0
734.6,-65.0
734.7,-65.0
734.8,-65.0
734.9,-65.0
735.0,-65.0
735.1000000000001,-65.0
735.2,-65.0
735.3000000000001,-65.0
735.4000000000001,-65.0
735.5,-65.0
735.6,-65.0
735.7,-65.0
735.8,-62.63807022129397
735.9,-60.27029693129632
736.0,-58.422116577531746
736.1000000000001,-56.7016426314017
736.2,-65.0
736.3000000000001,-65.0
736.4000000000001,-65.0
736.5,-65.0
736.6,-65.0
736.7,-65.0
736.8,-65.0
736.9,-65.0
737.0,-65.0
737.1000000000001,-65.0
737.2,-65.0
737.3000000000001,-65.0
737.4000000000001,-65.0
737.5,-65.0
737.6,-65.0
737.7,-65.0
737.8,-65.0
737.9,-65.0
738.0,-65.0
738.1000000000001,-65.0
738.2,-65.0
738.3000000000001,-65.0
738.4000000000001,-65.0
738.5,-65.0
738.6,-65.0
738.7,-65.0
738.8000000000001,-65.0
738.9,-65.0
739.0,-65.0
739.1000000000001,-65.0
739.2,-65.0
739.3000000000001,-65.0
739.4000000000001,-65.0
739.5,-65.0
739.6,-65.0
739.7,-65.0
739.8000000000001,-65.0
739.9,-65.0
740.0,-65.0
740.1,-65.0
740.2,-65.0
740.3000000000001,-65.0
740.4000000000001,-65.0
740.5,-65.0
740.6,-65.0
740.7,-65.0
740.8000000000001,-65.0
740.9,-65.0
741.0,-65.0
741.1,-65.0
741.2,-65.0
741.3000000000001,-65.0
741.4000000000001,-63.138352488586804
741.5,-60.349790245735875
741.6,-57.333738091972585
741.7,-55.37096256693752
741.8000000000001,-65.0
741.9,-65.0
742.0,-65.0
742.1,-65.0
742.2,-65.0
742.3000000000001,-65.0
742.4000000000001,-65.0
742.5,-65.0
742.6,-65.0
742.7,-65.0
742.8000000000001,-65.0
742.9,-65.0
743.0,-65.0
743.1,-65.0
743.2,-65.0
743.3000000000001,-65.0
743.4000000000001,-65.0
743.5,-65.0
743.6,-65.0
743.7,-65.0
743.8000000000001,-65.0
743.9,-65.0
744.0,-65.0
744.1,-65.0
744.2,-65.0
744.3000000000001,-65.0
744.4000000000001,-65.0
744.5,-65.0
744.6,-65.0
744.7,-65.0
744.8000000000001,-65.0
744.9,-65.0
745.0,-65.0
745.1,-65.0
745.2,-65.0
745.3000000000001,-65.0
745.4000000000001,-65.0
745.5,-65.0
745.6,-65.0
745.7,-65.0
745.8000000000001,-65.0
745.9,-65.0
746.0,-65.0
746.1,-65.0
746.2,-65.0
746.3000000000001,-65.0
746.4000000000001,-65.0
746.5,-65.0
746.6,-65.0
746.7,-65.0
746.8000000000001,-65.0
746.9,-65.0
747.0,-63.23179398001318
747.1,-61.93171295101066
747.2,-60.18685115023714
747.3000000000001,-58.41390246764699
747.4000000000001,-56.07754614542238
747.5,-65.0
747.6,-65.0
747.7,-65.0
747.8000000000001,-65.0
747.9,-65.0
748.0,-65.0
748.1,-65.0
748.2,-65.0
748.3000000000001,-65.0
748.4000000000001,-65.0
748.5,-65.0
748.6,-65.0
748.7,-65.0
748.8000000000001,-65.0
748.9,-65.0
749.0,-65.0
749.1,-65.0
749.2,-65.0
749.3000000000001,-65.0
749.4000000000001,-65.0
749.5,-65.0
749.6,-65.0
749.7,-65.0
749.8000000000001,-65.0
749.9,-65.0
750.0,-65.0
750.1,-65.0
750.2,-65.0
750.3000000000001,-65.0
750.4000000000001,-65.0
750.5,-65.0
750.6,-65.0
750.7,-65.0
750.8000000000001,-65.0
750.9,-65.0
751.0,-65.0
751.1,-65.0
751.2,-65.0
751.3000000000001,-65.0
751.4000000000001,-65.0
751.5,-65.0
751.6,-65.0
751.7,-65.0
751.8000000000001,-65.0
751.9,-65.0
752.0,-65.0
752.1,-65.0
752.2,-65.0
752.3000000000001,-65.0
752.4000000000001,-65.0
752.5000000000001,-65.0
752.6,-65.0
752.7,-62.422289216580666
752.8000000000001,-60.41734975829289
752.9,-58.35382485036163
753.0,-55.72326162901878
753.1,-65.0
753.1999999999999,-65.0
753.3000000000001,-65.0
753.4000000000001,-65.0
753.5000000000001,-65.0
753.6,-65.0
753.7,-65.0
753.8000000000001,-65.0
753.9,-65.0
754.0,-65.0
754.1,-65.0
754.1999999999999,-65.0
754.3000000000001,-65.0
754.4000000000001,-65.0
754.5000000000001,-65.0
754.6,-65.0
754.7,-65.0
754.8000000000001,-65.0
754.9,-65.0
755.0,-65.0
755.1,-65.0
755.1999999999999,-65.0
755.3000000000001,-65.0
755.4000000000001,-65.0
755.5000000000001,-65.0
755.6,-65.0
755.7,-65.0
755.8000000000001,-65.0
755.9,-65.0
756.0,-65.0
756.1,-65.0
756.1999999999999,-65.0
756.3000000000001,-65.0
756.4000000000001,-65.0
756.5000000000001,-65.0
756.6,-65.0
756.7,-65.0
756.8000000000001,-65.0
756.9,-65.0
757.0,-65.0
757.1,-65.0
757.1999999999999,-65.0
757.3000000000001,-65.0
757.4000000000001,-65.0
757.5000000000001,-65.0
757.6,-65.0
757.7,-65.0
757.8000000000001,-65.0
757.9,-65.0
758.0,-65.0
758.1,-65.0
758.1999999999999,-65.0
758.3000000000001,-62.70007250129357
758.4000000000001,-61.11001778285679
758.5000000000001,-57.99453490559294
758.6,-56.549763076567224
758.7,-65.0
758.8000000000001,-65.0
758.9,-65.0
759.0,-65.0
759.1,-65.0
759.1999999999999,-65.0
759.3000000000001,-65.0
759.4000000000001,-65.0
759.5000000000001,-65.0
759.6,-65.0
759.7,-65.0
759.8000000000001,-65.0
759.9,-65.0
760.0,-65.0
760.1,-65.0
760.1999999999999,-65.0
760.3000000000001,-65.0
760.4000000000001,-65.0
760.5000000000001,-65.0
760.6,-65.0
760.7,-65.0
760.8000000000001,-65.0
760.9,-65.0
761.0,-65.0
761.1,-65.0
761.1999999999999,-65.0
761.3000000000001,-65.0
761.4000000000001,-65.0
761.5000000000001,-65.0
761.6,-65.0
761.7,-65.0
761.8000000000001,-65.0
761.9,-65.0
762.0,-65.0
762.1,-65.0
762.2,-65.0
762.3000000000001,-65.0
762.4000000000001,-65.0
762.5000000000001,-65.0
762.6,-65.0
762.7,-65.0
762.8000000000001,-65.0
762.9,-65.0
763.0,-65.0
763.1,-65.0
763.2,-65.0
763.3000000000001,-65.0
763.4000000000001,-65.0
763.5000000000001,-65.0
763.6,-65.0
763.7,-65.0
763.8000000000001,-65.0
763.9,-62.59074511668302
764.0,-61.17845644342554
764.1,-59.21458553964514
764.2,-57.943826378982266
764.3000000000001,-55.050333525408945
764.4000000000001,-65.0
764.5000000000001,-65.0
764.6,-65.0
764.7,-65.0
764.8000000000001,-65.0
764.9,-65.0
765.0,-65.0
765.1,-65.0
765.2,-65.0
765.3000000000001,-65.0
765.4000000000001,-65.0
765.5000000000001,-65.0
765.6,-65.0
765.7,-65.0
765.8000000000001,-65.0
765.9,-65.0
766.0,-65.0
766.1,-65.0
766.2,-65.0
766.3000000000001,-65.0
766.4000000000001,-65.0
766.5000000000001,-65.0
766.6,-65.0
766.7,-65.0
766.8000000000001,-65.0
766.9,-65.0
767.0,-65.0
767.1,-65.0
767.2,-65.0
767.3,-65.0
767.4000000000001,-65.0
767.5000000000001,-65.0
767.6,-65.0
767.7,-65.0
767.8000000000001,-65.0
767.9,-65.0
768.0,-65.0
768.1,-65.0
768.2,-65.0
768.3,-65.0
768.4000000000001,-65.0
768.5000000000001,-65.0
768.6,-65.0
768.7,-65.0
768.8000000000001,-65.0
768.9,-65.0
769.0,-65.0
769.1,-65.0
769.2,-65.0
769.3,-65.0
769.4000000000001,-65.0
769.5000000000001,-65.0
769.6,-62.1270149808115
769.7,-60.63158625554563
769.8000000000001,-58.69494846500452
769.9,-56.519729275118856
770.0,-65.0
770.1,-65.0
770.2,-65.0
770.3,-65.0
770.4000000000001,-65.0
770.5000000000001,-65.0
770.6,-65.0
770.7,-65.0
770.8000000000001,-65.0
770.9,-65.0
771.0,-65.0
771.1,-65.0
771.2,-65.0
771.3,-65.0
771.4000000000001,-65.0
771.5000000000001,-65.0
771.6,-65.0
771.7,-65.0
771.8000000000001,-65.0
771.9,-65.0
772.0,-65.0
772.1,-65.0
772.2,-65.0
772.3,-65.0
772.4000000000001,-65.0
772.5000000000001,-65.0
772.6,-65.0
772.7,-65.0
772.8000000000001,-65.0
772.9,-65.0
773.0,-65.0
773.1,-65.0
773.2,-65.0
773.3,-65.0
773.4000000000001,-65.0
773.5000000000001,-65.0
773.6,-65.0
773.7,-65.0
773.8000000000001,-65.0
773.9,-65.0
774.0,-65.0
774.1,-65.0
774.2,-65.0
774.3,-65.0
774.4000000000001,-65.0
774.5000000000001,-65.0
774.6,-65.0
774.7,-65.0
774.8000000000001,-65.0
774.9,-65.0
775.0,-65.0
775.1,-65.0
775.2,-62.52811210288192
775.3,-60.993654792064575
775.4000000000001,-58.88527106150922
775.5000000000001,-56.72458336982614
775.6,-65.0
775.7,-65.0
775.8000000000001,-65.0
775.9000000000001,-65.0
776.0,-65.0
776.1,-65.0
776.2,-65.0
776.3,-65.0
776.4000000000001,-65.0
776.5000000000001,-65.0
776.6,-65.0
776.7,-65.0
776.8000000000001,-65.0
776.9000000000001,-65.0
777.0,-65.0
777.1,-65.0
777.2,-65.0
777.3,-65.0
777.4000000000001,-65.0
777.5000000000001,-65.0
777.6,-65.0
777.7,-65.0
777.8000000000001,-65.0
777.9000000000001,-65.0
778.0,-65.0
778.1,-65.0
778.2,-65.0
778.3,-65.0
778.4000000000001,-65.0
778.5000000000001,-65.0
778.6,-65.0
778.7,-65.0
778.8000000000001,-65.0
778.9000000000001,-65.0
779.0,-65.0
779.1,-65.0
779.2,-65.0
779.3,-65.0
779.4000000000001,-65.0
779.5000000000001,-65.0
779.6,-65.0
779.7,-65.0
779.8000000000001,-65.0
779.9000000000001,-65.0
780.0,-65.0
780.1,-65.0
780.2,-65.0
780.3,-65.0
780.4,-65.0
780.5000000000001,-65.0
780.6,-65.0
780.7,-65.0
780.8000000000001,-63.625324084628026
780.9000000000001,-60.89318775458296
781.0,-59.37161793172304
781.1,-57.56782916779027
781.2,-56.402751226551196
781.3,-55.18137558396599
781.4,-65.0
781.5000000000001,-65.0
781.6,-65.0
781.7,-65.0
781.8000000000001,-65.0
781.9000000000001,-65.0
782.0,-65.0
782.1,-65.0
782.2,-65.0
782.3,-65.0
782.4,-65.0
782.5000000000001,-65.0
782.6,-65.0
782.7,-65.0
782.8000000000001,-65.0
782.9000000000001,-65.0
783.0,-65.0
783.1,-65.0
783.2,-65.0
783.3,-65.0
783.4,-65.0
783.5000000000001,-65.0
783.6,-65.0
783.7,-65.0
783.8000000000001,-65.0
783.9000000000001,-65.0
784.0,-65.0
784.1,-65.0
784.2,-65.0
784.3,-65.0
784.4,-65.0
784.5000000000001,-65.0
784.6,-65.0
784.7,-65.0
784.8000000000001,-65.0
784.9000000000001,-65.0
785.0,-65.0
785.1,-65.0
785.2,-65.0
785.3,-65.0
785.4,-65.0
785.5000000000001,-65.0
785.6,-65.0
785.7,-65.0
785.8000000000001,-65.0
785.9000000000001,-65.0
786.0,-65.0
786.1,-65.0
786.2,-65.0
786.3,-65.0
786.4,-65.0
786.5000000000001,-65.0
786.6,-62.164992297662224
786.7,-59.55722410185197
786.8000000000001,-57.74013261191818
786.9000000000001,-55.97785646188058
787.0,-65.0
787.1,-65.0
787.2,-65.0
787.3,-65.0
787.4,-65.0
787.5000000000001,-65.0
787.6,-65.0
787.7,-65.0
787.8000000000001,-65.0
787.9000000000001,-65.0
788.0,-65.0
788.1,-65.0
788.2,-65.0
788.3,-65.0
788.4,-65.0
788.5000000000001,-65.0
788.6,-65.0
788.7,-65.0
788.8000000000001,-65.0
788.9000000000001,-65.0
789.0,-65.0
789.1,-65.0
789.2,-65.0
789.3,-65.0
789.4,-65.0
789.5000000000001,-65.0
789.6000000000001,-65.0
789.7,-65.0
789.8000000000001,-65.0
789.9000000000001,-65.0
790.0,-65.0
790.1,-65.0
790.2,-65.0
790.3,-65.0
790.4,-65.0
790.5000000000001,-65.0
790.6000000000001,-65.0
790.7,-65.0
790.8000000000001,-65.0
790.9000000000001,-65.0
791.0,-65.0
791.1,-65.0
791.2,-65.0
791.3,-65.0
791.4,-65.0
791.5000000000001,-65.0
791.6000000000001,-65.0
791.7,-65.0
791.8000000000001,-65.0
791.9000000000001,-65.0
792.0,-65.0
792.1,-65.0
792.2,-62.4758642394272
792.3,-61.43364391237271
792.4,-59.294369806832435
792.5000000000001,-57.907631818292955
792.6000000000001,-55.8095785165865
792.7,-65.0
792.8000000000001,-65.0
792.9000000000001,-65.0
793.0,-65.0
793.1,-65.0
793.2,-65.0
793.3,-65.0
793.4,-65.0
793.5,-65.0
793.6000000000001,-65.0
793.7,-65.0
793.8000000000001,-65.0
793.9000000000001,-65.0
794.0,-65.0
794.1,-65.0
794.2,-65.0
794.3,-65.0
794.4,-65.0
794.5,-65.0
794.6000000000001,-65.0
794.7,-65.0
794.8000000000001,-65.0
794.9000000000001,-65.0
795.0,-65.0
795.1,-65.0
795.2,-65.0
795.3,-65.0
795.4,-65.0
795.5,-65.0
795.6000000000001,-65.0
795.7,-65.0
795.8000000000001,-65.0
795.9000000000001,-65.0
796.0,-65.0
796.1,-65.0
796.2,-65.0
796.3,-65.0
796.4,-65.0
796.5,-65.0
796.6000000000001,-65.0
796.7,-65.0
796.8000000000001,-65.0
796.9000000000001,-65.0
797.0,-65.0
797.1,-65.0
797.2,-65.0
797.3,-65.0
797.4,-65.0
797.5,-65.0
797.6000000000001,-65.0
797.7,-65.0
797.8000000000001,-65.0
797.9000000000001,-63.08599951229569
798.0,-60.69119861061397
798.1,-58.343005749984876
798.2,-56.210822567819605
798.3,-65.0
798.4,-65.0
798.5,-65.0
798.6000000000001,-65.0
798.7,-65.0
798.8000000000001,-65.0
798.9000000000001,-65.0
799.0,-65.0
799.1,-65.0
799.2,-65.0
799.3,-65.0
799.4,-65.0
799.5,-65.0
799.6000000000001,-65.0
799.7,-65.0
799.8000000000001,-65.0
799.9000000000001,-65.0
800.0,-65.0
800.1,-65.0
800.2,-65.0
800.3,-65.0
800.4,-65.0
800.5,-65.0
800.6000000000001,-65.0
800.7,-65.0
800.8000000000001,-65.0
800.9000000000001,-65.0
801.0,-65.0
801.1,-65.0
801.2,-65.0
801.3000000000001,-65.0
801.4,-65.0
801.5,-65.0
801.6000000000001,-65.0
801.7,-65.0
801.8000000000001,-65.0
801.9000000000001,-65.0
802.0,-65.0
802.1,-65.0
802.2,-65.0
802.3000000000001,-65.0
802.4,-65.0
802.5,-65.0
802.6000000000001,-65.0
802.7,-65.0
802.8000000000001,-65.0
802.9000000000001,-65.0
803.0,-65.0
803.1,-65.0
803.2,-65.0
803.3000000000001,-65.0
803.4,-65.0
803.5,-62.321318599734134
803.6000000000001,-60.15903561031121
803.7,-58.49304112140592
803.8000000000001,-56.30851496815667
803.9000000000001,-65.0
804.0,-65.0
804.1,-65.0
804.2,-65.0
804.3000000000001,-65.0
804.4,-65.0
804.5,-65.0
804.6000000000001,-65.0
804.7,-65.0
804.8000000000001,-65.0
804.9000000000001,-65.0
805.0,-65.0
805.1,-65.0
805.2,-65.0
805.3000000000001,-65.0
805.4,-65.0
805.5,-65.0
805.6000000000001,-65.0
805.7,-65.0
805.8000000000001,-65.0
805.9000000000001,-65.0
806.0,-65.0
806.1,-65.0
806.2,-65.0
806.3000000000001,-65.0
806.4,-65.0
806.5,-65.0
806.6,-65.0
806.7,-65.0
806.8000000000001,-65.0
806.9000000000001,-65.0
807.0,-65.0
807.1,-65.0
807.2,-65.0
807.3000000000001,-65.0
807.4,-65.0
807.5,-65.0
807.6,-65.0
807.7,-65.0
807.8000000000001,-65.0
807.9000000000001,-65.0
808.0,-65.0
808.1,-65.0
808.2,-65.0
808.3000000000001,-65.0
808.4,-65.0
808.5,-65.0
808.6,-65.0
808.7,-65.0
808.8000000000001,-65.0
808.9000000000001,-65.0
809.0,-65.0
809.1,-63.195309740486785
809.2,-61.37061758203486
809.3000000000001,-58.54554423123338
809.4,-57.2464831493889
809.5,-56.56644451216358
809.6,-55.09836757825474
809.7,-65.0
809.8000000000001,-65.0
809.9000000000001,-65.0
810.0,-65.0
810.1,-65.0
810.2,-65.0
810.3000000000001,-65.0
810.4,-65.0
810.5,-65.0
810.6,-65.0
810.7,-65.0
810.8000000000001,-65.0
810.9000000000001,-65.0
811.0,-65.0
811.1,-65.0
811.2,-65.0
811.3000000000001,-65.0
811.4,-65.0
811.5,-65.0
811.6,-65.0
811.7,-65.0
811.8000000000001,-65.0
811.9000000000001,-65.0
812.0,-65.0
812.1,-65.0
812.2,-65.0
812.3000000000001,-65.0
812.4,-65.0
812.5,-65.0
812.6,-65.0
812.7,-65.0
812.8000000000001,-65.0
812.9000000000001,-65.0
813.0,-65.0
813.1,-65.0
813.2,-65.0
813.3000000000001,-65.0
813.4,-65.0
813.5,-65.0
813.6,-65.0
813.7,-65.0
813.8000000000001,-65.0
813.9000000000001,-65.0
814.0,-65.0
814.1,-65.0
814.2,-65.0
814.3000000000001,-65.0
814.4,-65.0
814.5,-65.0
814.6,-65.0
814.7,-65.0
814.8000000000001,-65.0
814.9000000000001,-63.14049326574758
815.0000000000001,-60.90272785425112
815.1,-58.52621229814291
815.2,-57.66407896227082
815.3000000000001,-55.25148880120544
815.4,-65.0
815.5,-65.0
815.6,-65.0
815.7,-65.0
815.8000000000001,-65.0
815.9000000000001,-65.0
816.0000000000001,-65.0
816.1,-65.0
816.2,-65.0
816.3000000000001,-65.0
816.4,-65.0
816.5,-65.0
816.6,-65.0
816.7,-65.0
816.8000000000001,-65.0
816.9000000000001,-65.0
817.0000000000001,-65.0
817.1,-65.0
817.2,-65.0
817.3000000000001,-65.0
817.4,-65.0
817.5,-65.0
817.6,-65.0
817.7,-65.0
817.8000000000001,-65.0
817.9000000000001,-65.0
818.0000000000001,-65.0
818.1,-65.0
818.2,-65.0
818.3000000000001,-65.0
818.4,-65.0
818.5,-65.0
818.6,-65.0
818.7,-65.0
818.8000000000001,-65.0
818.9000000000001,-65.0
819.0000000000001,-65.0
819.1,-65.0
819.2,-65.0
819.3000000000001,-65.0
819.4,-65.0
819.5,-65.0
819.6,-65.0
819.6999999999999,-65.0
819.8000000000001,-65.0
819.9000000000001,-65.0
820.0000000000001,-65.0
820.1,-65.0
820.2,-65.0
820.3000000000001,-65.0
820.4,-65.0
820.5,-65.0
820.6,-63.02832414214235
820.6999999999999,-60.91605702953682
820.8000000000001,-58.257014801745875
820.9000000000001,-56.14768750730392
821.0000000000001,-65.0
821.1,-65.0
821.2,-65.0
821.3000000000001,-65.0
821.4,-65.0
821.5,-65.0
821.6,-65.0
821.6999999999999,-65.0
821.8000000000001,-65.0
821.9000000000001,-65.0
822.0000000000001,-65.0
822.1,-65.0
822.2,-65.0
822.3000000000001,-65.0
822.4,-65.0
822.5,-65.0
822.6,-65.0
822.6999999999999,-65.0
822.8000000000001,-65.0
822.9000000000001,-65.0
823.0000000000001,-65.0
823.1,-65.0
823.2,-65.0
823.3000000000001,-65.0
823.4,-65.0
823.5,-65.0
823.6,-65.0
823.6999999999999,-65.0
823.8000000000001,-65.0
823.9000000000001,-65.0
824.0000000000001,-65.0
824.1,-65.0
824.2,-65.0
824.3000000000001,-65.0
824.4,-65.0
824.5,-65.0
824.6,-65.0
824.7,-65.0
824.8000000000001,-65.0
824.9000000000001,-65.0
825.0000000000001,-65.0
825.1,-65.0
825.2,-65.0
825.3000000000001,-65.0
825.4,-65.0
825.5,-65.0
825.6,-65.0
825.7,-65.0
825.8000000000001,-65.0
825.9000000000001,-65.0
826.0000000000001,-65.0
826.1,-65.0
826.2,-63.00166424087122
826.3000000000001,-61.33798895778177
826.4,-59.85861587534771
826.5,-57.96380496846275
826.6,-55.78832470841533
826.7,-65.0
826.8000000000001,-65.0
826.9000000000001,-65.0
827.0000000000001,-65.0
827.1,-65.0
827.2,-65.0
827.3000000000001,-65.0
827.4,-65.0
827.5,-65.0
827.6,-65.0
827.7,-65.0
827.8000000000001,-65.0
827.9000000000001,-65.0
828.0000000000001,-65.0
828.1,-65.0
828.2,-65.0
828.3000000000001,-65.0
828.4,-65.0
828.5,-65.0
828.6,-65.0
828.7,-65.0
828.8000000000001,-65.0
828.9000000000001,-65.0
829.0000000000001,-65.0
829.1,-65.0
829.2,-65.0
829.3000000000001,-65.0
829.4,-65.0
829.5,-65.0
829.6,-65.0
829.7,-65.0
829.8000000000001,-65.0
829.9000000000001,-65.0
830.0000000000001,-65.0
830.1,-65.0
830.2,-65.0
830.3000000000001,-65.0
830.4,-65.0
830.5,-65.0
830.6,-65.0
830.7,-65.0
830.8000000000001,-65.0
830.9000000000001,-65.0
831.0000000000001,-65.0
831.1,-65.0
831.2,-65.0
831.3000000000001,-65.0
831.4,-65.0
831.5,-65.0
831.6,-65.0
831.7,-65.0
831.8000000000001,-65.0
831.9000000000001,-63.88388231361826
832.0000000000001,-61.11793007668222
832.1,-58.86132648757158
832.2,-57.74717873002452
832.3000000000001,-55.847148638920906
832.4,-65.0
832.5,-65.0
832.6,-65.0
832.7,-65.0
832.8,-65.0
832.9000000000001,-65.0
833.0000000000001,-65.0
833.1,-65.0
833.2,-65.0
833.3000000000001,-65.0
833.4,-65.0
833.5,-65.0
833.6,-65.0
833.7,-65.0
833.8,-65.0
833.9000000000001,-65.0
834.0000000000001,-65.0
834.1,-65.0
834.2,-65.0
834.3000000000001,-65.0
834.4,-65.0
834.5,-65.0
834.6,-65.0
834.7,-65.0
834.8,-65.0
834.9000000000001,-65.0
835.0000000000001,-65.0
835.1,-65.0
835.2,-65.0
835.3000000000001,-65.0
835.4,-65.0
835.5,-65.0
835.6,-65.0
835.7,-65.0
835.8,-65.0
835.9000000000001,-65.0
836.0000000000001,-65.0
836.1,-65.0
836.2,-65.0
836.3000000000001,-65.0
836.4,-65.0
836.5,-65.0
836.6,-65.0
836.7,-65.0
836.8,-65.0
836.9000000000001,-65.0
837.0000000000001,-65.0
837.1,-65.0
837.2,-65.0
837.3000000000001,-65.0
837.4,-65.0
837.5,-65.0
837.6,-62.82809005870374
837.7,-60.51597162180543
837.8,-58.63218756416168
837.9000000000001,-56.54099295577028
838.0000000000001,-65.0
838.1,-65.0
838.2,-65.0
838.3000000000001,-65.0
838.4000000000001,-65.0
838.5,-65.0
838.6,-65.0
838.7,-65.0
838.8,-65.0
838.9000000000001,-65.0
839.0000000000001,-65.0
839.1,-65.0
839.2,-65.0
839.3000000000001,-65.0
839.4000000000001,-65.0
839.5,-65.0
839.6,-65.0
839.7,-65.0
839.8,-65.0
839.9000000000001,-65.0
840.0000000000001,-65.0
840.1,-65.0
840.2,-65.0
840.3000000000001,-65.0
840.4000000000001,-65.0
840.5,-65.0
840.6,-65.0
840.7,-65.0
840.8,-65.0
840.9000000000001,-65.0
841.0000000000001,-65.0
841.1,-65.0
841.2,-65.0
841.3000000000001,-65.0
841.4000000000001,-65.0
841.5,-65.0
841.6,-65.0
841.7,-65.0
841.8,-65.0
841.9000000000001,-65.0
842.0000000000001,-65.0
842.1,-65.0
842.2,-65.0
842.3000000000001,-65.0
842.4000000000001,-65.0
842.5,-65.0
842.6,-65.0
842.7,-65.0
842.8,-65.0
842.9000000000001,-65.0
843.0000000000001,-65.0
843.1,-65.0
843.2,-62.625782840645186
843.3000000000001,-60.59389786185358
843.4000000000001,-58.75347085668716
843.5,-56.58083213987325
843.6,-55.29795049926313
843.7,-65.0
843.8,-65.0
843.9000000000001,-65.0
844.0000000000001,-65.0
844.1,-65.0
844.2,-65.0
844.3000000000001,-65.0
844.4000000000001,-65.0
844.5,-65.0
844.6,-65.0
844.7,-65.0
844.8,-65.0
844.9000000000001,-65.0
845.0000000000001,-65.0
845.1,-65.0
845.2,-65.0
845.3000000000001,-65.0
845.4000000000001,-65.0
845.5,-65.0
845.6,-65.0
845.7,-65.0
845.8,-65.0
845.9,-65.0
846.0000000000001,-65.0
846.1,-65.0
846.2,-65.0
846.3000000000001,-65.0
846.4000000000001,-65.0
846.5,-65.0
846.6,-65.0
846.7,-65.0
846.8,-65.0
846.9,-65.0
847.0000000000001,-65.0
847.1,-65.0
847.2,-65.0
847.3000000000001,-65.0
847.4000000000001,-65.0
847.5,-65.0
847.6,-65.0
847.7,-65.0
847.8,-65.0
847.9,-65.0
848.0000000000001,-65.0
848.1,-65.0
848.2,-65.0
848.3000000000001,-65.0
848.4000000000001,-65.0
848.5,-65.0
848.6,-65.0
848.7,-65.0
848.8,-65.0
848.9,-63.32395065463818
849.0000000000001,-61.88405070412822
849.1,-59.98667708936403
849.2,-58.41970444053821
849.3000000000001,-55.70395541727566
849.4000000000001,-65.0
849.5,-65.0
849.6,-65.0
849.7,-65.0
849.8,-65.0
849.9,-65.0
850.0000000000001,-65.0
850.1,-65.0
850.2,-65.0
850.3000000000001,-65.0
850.4000000000001,-65.0
850.5,-65.0
850.6,-65.0
850.7,-65.0
850.8,-65.0
850.9,-65.0
851.0000000000001,-65.0
851.1,-65.0
851.2,-65.0
851.3000000000001,-65.0
851.4000000000001,-65.0
851.5,-65.0
851.6,-65.0
851.7,-65.0
851.8,-65.0
851.9,-65.0
852.0000000000001,-65.0
852.1000000000001,-65.0
852.2,-65.0
852.3000000000001,-65.0
852.4000000000001,-65.0
852.5,-65.0
852.6,-65.0
852.7,-65.0
852.8,-65.0
852.9,-65.0
853.0000000000001,-65.0
853.1000000000001,-65.0
853.2,-65.0
853.3000000000001,-65.0
853.4000000000001,-65.0
853.5,-65.0
853.6,-65.0
853.7,-65.0
853.8,-65.0
853.9,-65.0
854.0000000000001,-65.0
854.1000000000001,-65.0
854.2,-65.0
854.3000000000001,-65.0
854.4000000000001,-65.0
854.5,-65.0
854.6,-62.54138580482027
854.7,-61.01215550753248
854.8,-58.76984036164624
854.9,-57.591278544631194
855.0000000000001,-55.537039511663096
855.1000000000001,-65.0
855.2,-65.0
855.3000000000001,-65.0
855.4000000000001,-65.0
855.5,-65.0
855.6,-65.0
855.7,-65.0
855.8,-65.0
855.9,-65.0
856.0000000000001,-65.0
856.1000000000001,-65.0
856.2,-65.0
856.3000000000001,-65.0
856.4000000000001,-65.0
856.5,-65.0
856.6,-65.0
856.7,-65.0
856.8,-65.0
856.9,-65.0
857.0000000000001,-65.0
857.1000000000001,-65.0
857.2,-65.0
857.3000000000001,-65.0
857.4000000000001,-65.0
857.5,-65.0
857.6,-65.0
857.7,-65.0
857.8,-65.0
857.9,-65.0
858.0000000000001,-65.0
858.1000000000001,-65.0
858.2,-65.0
858.3000000000001,-65.0
858.4000000000001,-65.0
858.5,-65.0
858.6,-65.0
858.7,-65.0
858.8,-65.0
858.9,-65.0
859.0,-65.0
859.1000000000001,-65.0
859.2,-65.0
859.3000000000001,-65.0
859.4000000000001,-65.0
859.5,-65.0
859.6,-65.0
859.7,-65.0
859.8,-65.0
859.9,-65.0
860.0,-65.0
860.1000000000001,-65.0
860.2,-65.0
860.3000000000001,-64.08779438942138
860.4000000000001,-61.63003311856989
860.5,-60.144927760963014
860.6,-57.48155605192864
860.7,-55.43965791530997
860.8,-65.0
860.9,-65.0
861.0,-65.0
861.1000000000001,-65.0
861.2,-65.0
861.3000000000001,-65.0
861.4000000000001,-65.0
861.5,-65.0
861.6,-65.0
861.7,-65.0
861.8,-65.0
861.9,-65.0
862.0,-65.0
862.1000000000001,-65.0
862.2,-65.0
862.3000000000001,-65.0
862.4000000000001,-65.0
862.5,-65.0
862.6,-65.0
862.7,-65.0
862.8,-65.0
862.9,-65.0
863.0,-65.0
863.1000000000001,-65.0
863.2,-65.0
863.3000000000001,-65.0
863.4000000000001,-65.0
863.5,-65.0
863.6,-65.0
863.7,-65.0
863.8000000000001,-65.0
863.9,-65.0
864.0,-65.0
864.1000000000001,-65.0
864.2,-65.0
864.3000000000001,-65.0
864.4000000000001,-65.0
864.5,-65.0
864.6,-65.0
864.7,-65.0
864.8000000000001,-65.0
864.9,-65.0
865.0,-65.0
865.1000000000001,-65.0
865.2,-65.0
865.3000000000001,-65.0
865.4000000000001,-65.0
865.5,-65.0
865.6,-65.0
865.7,-65.0
865.8000000000001,-65.0
865.9,-65.0
866.0,-62.754184128998716
866.1000000000001,-61.45075426105295
866.2,-59.26191504002498
866.3000000000001,-57.03699424694557
866.4000000000001,-65.0
866.5,-65.0
866.6,-65.0
866.7,-65.0
866.8000000000001,-65.0
866.9,-65.0
867.0,-65.0
867.1000000000001,-65.0
867.2,-65.0
867.3000000000001,-65.0
867.4000000000001,-65.0
867.5,-65.0
867.6,-65.0
867.7,-65.0
867.8000000000001,-65.0
867.9,-65.0
868.0,-65.0
868.1000000000001,-65.0
868.2,-65.0
868.3000000000001,-65.0
868.4000000000001,-65.0
868.5,-65.0
868.6,-65.0
868.7,-65.0
868.8000000000001,-65.0
868.9,-65.0
869.0,-65.0
869.1000000000001,-65.0
869.2,-65.0
869.3000000000001,-65.0
869.4000000000001,-65.0
869.5,-65.0
869.6,-65.0
869.7,-65.0
869.8000000000001,-65.0
869.9,-65.0
870.0,-65.0
870.1000000000001,-65.0
870.2,-65.0
870.3000000000001,-65.0
870.4000000000001,-65.0
870.5,-65.0
870.6,-65.0
870.7,-65.0
870.8000000000001,-65.0
870.9,-65.0
871.0,-65.0
871.1000000000001,-65.0
871.2,-65.0
871.3000000000001,-65.0
871.4000000000001,-65.0
871.5,-65.0
871.6,-62.7231316782475
871.7,-60.638778175665685
871.8000000000001,-58.50884855104018
871.9,-56.31105374886881
872.0,-65.0
872.1,-65.0
872.2,-65.0
872.3000000000001,-65.0
872.4000000000001,-65.0
872.5,-65.0
872.6,-65.0
872.7,-65.0
872.8000000000001,-65.0
872.9,-65.0
873.0,-65.0
873.1,-65.0
873.2,-65.0
873.3000000000001,-65.0
873.4000000000001,-65.0
873.5,-65.0
873.6,-65.0
873.7,-65.0
873.8000000000001,-65.0
873.9,-65.0
874.0,-65.0
874.1,-65.0
874.2,-65.0
874.3000000000001,-65.0
874.4000000000001,-65.0
874.5,-65.0
874.6,-65.0
874.7,-65.0
874.8000000000001,-65.0
874.9,-65.0
875.0,-65.0
875.1,-65.0
875.2,-65.0
875.3000000000001,-65.0
875.4000000000001,-65.0
875.5,-65.0
875.6,-65.0
875.7,-65.0
875.8000000000001,-65.0
875.9,-65.0
876.0,-65.0
876.1,-65.0
876.2,-65.0
876.3000000000001,-65.0
876.4000000000001,-65.0
876.5,-65.0
876.6,-65.0
876.7,-65.0
876.8000000000001,-65.0
876.9,-65.0
877.0,-65.0
877.1,-65.0
877.2,-62.047497201571446
877.3000000000001,-59.557274124664495
877.4000000000001,-58.18043166634679
877.5000000000001,-56.11361454654794
877.6,-65.0
877.7,-65.0
877.8000000000001,-65.0
877.9,-65.0
878.0,-65.0
878.1,-65.0
878.2,-65.0
878.3000000000001,-65.0
878.4000000000001,-65.0
878.5000000000001,-65.0
878.6,-65.0
878.7,-65.0
878.8000000000001,-65.0
878.9,-65.0
879.0,-65.0
879.1,-65.0
879.2,-65.0
879.3000000000001,-65.0
879.4000000000001,-65.0
879.5000000000001,-65.0
879.6,-65.0
879.7,-65.0
879.8000000000001,-65.0
879.9,-65.0
880.0,-65.0
880.1,-65.0
880.2,-65.0
880.3000000000001,-65.0
880.4000000000001,-65.0
880.5000000000001,-65.0
880.6,-65.0
880.7,-65.0
880.8000000000001,-65.0
880.9,-65.0
881.0,-65.0
881.1,-65.0
881.2,-65.0
881.3000000000001,-65.0
881.4000000000001,-65.0
881.5000000000001,-65.0
881.6,-65.0
881.7,-65.0
881.8000000000001,-65.0
881.9,-65.0
882.0,-65.0
882.1,-65.0
882.2,-65.0
882.3000000000001,-65.0
882.4000000000001,-65.0
882.5000000000001,-65.0
882.6,-65.0
882.7,-65.0
882.8000000000001,-62.838383782508835
882.9,-61.15319237267282
883.0,-60.05509921417625
883.1,-58.397226195872015
883.2,-56.257787232629035
883.3000000000001,-65.0
883.4000000000001,-65.0
883.5000000000001,-65.0
883.6,-65.0
883.7,-65.0
883.8000000000001,-65.0
883.9,-65.0
884.0,-65.0
884.1,-65.0
884.2,-65.0
884.3000000000001,-65.0
884.4000000000001,-65.0
884.5000000000001,-65.0
884.6,-65.0
884.7,-65.0
884.8000000000001,-65.0
884.9,-65.0
885.0,-65.0
885.1,-65.0
885.2,-65.0
885.3000000000001,-65.0
885.4000000000001,-65.0
885.5000000000001,-65.0
885.6,-65.0
885.7,-65.0
885.8000000000001,-65.0
885.9,-65.0
886.0,-65.0
886.1,-65.0
886.1999999999999,-65.0
886.3000000000001,-65.0
886.4000000000001,-65.0
886.5000000000001,-65.0
886.6,-65.0
886.7,-65.0
886.8000000000001,-65.0
886.9,-65.0
887.0,-65.0
887.1,-65.0
887.2,-65.0
887.3000000000001,-65.0
887.4000000000001,-65.0
887.5000000000001,-65.0
887.6,-65.0
887.7,-65.0
887.8000000000001,-65.0
887.9,-65.0
888.0,-65.0
888.1,-65.0
888.2,-65.0
888.3000000000001,-65.0
888.4000000000001,-65.0
888.5000000000001,-63.33634990481213
888.6,-62.33616168845826
888.7,-59.76924863751364
888.8000000000001,-58.136584801217346
888.9,-56.0757048953997
889.0,-65.0
889.1,-65.0
889.2,-65.0
889.3000000000001,-65.0
889.4000000000001,-65.0
889.5000000000001,-65.0
889.6,-65.0
889.7,-65.0
889.8000000000001,-65.0
889.9,-65.0
890.0,-65.0
890.1,-65.0
890.2,-65.0
890.3000000000001,-65.0
890.4000000000001,-65.0
890.5000000000001,-65.0
890.6,-65.0
890.7,-65.0
890.8000000000001,-65.0
890.9,-65.0
891.0,-65.0
891.1,-65.0
891.2,-65.0
891.3000000000001,-65.0
891.4000000000001,-65.0
891.5000000000001,-65.0
891.6,-65.0
891.7,-65.0
891.8000000000001,-65.0
891.9,-65.0
892.0,-65.0
892.1,-65.0
892.2,-65.0
892.3000000000001,-65.0
892.4000000000001,-65.0
892.5000000000001,-65.0
892.6,-65.0
892.7,-65.0
892.8000000000001,-65.0
892.9,-65.0
893.0,-65.0
893.1,-65.0
893.2,-65.0
893.3000000000001,-65.0
893.4000000000001,-65.0
893.5000000000001,-65.0
893.6,-65.0
893.7,-65.0
893.8000000000001,-65.0
893.9,-65.0
894.0,-65.0
894.1,-65.0
894.2,-63.014286937997625
894.3000000000001,-60.66917420720103
894.4000000000001,-58.9568541806636
894.5000000000001,-55.98764877103793
894.6,-65.0
894.7,-65.0
894.8000000000001,-65.0
894.9,-65.0
895.0,-65.0
895.1,-65.0
895.2,-65.0
895.3000000000001,-65.0
895.4000000000001,-65.0
895.5000000000001,-65.0
895.6,-65.0
895.7,-65.0
895.8000000000001,-65.0
895.9,-65.0
896.0,-65.0
896.1,-65.0
896.2,-65.0
896.3000000000001,-65.0
896.4000000000001,-65.0
896.5000000000001,-65.0
896.6,-65.0
896.7,-65.0
896.8000000000001,-65.0
896.9,-65.0
897.0,-65.0
897.1,-65.0
897.2,-65.0
897.3000000000001,-65.0
897.4000000000001,-65.0
897.5000000000001,-65.0
897.6,-65.0
897.7,-65.0
897.8000000000001,-65.0
897.9,-65.0
898.0,-65.0
898.1,-65.0
898.2,-65.0
898.3000000000001,-65.0
898.4000000000001,-65.0
898.5000000000001,-65.0
898.6,-65.0
898.7,-65.0
898.8000000000001,-65.0
898.9,-65.0
899.0,-65.0
899.1,-65.0
899.2,-65.0
899.3,-65.0
899.4000000000001,-65.0
899.5000000000001,-65.0
899.6,-65.0
899.7,-65.0
899.8000000000001,-62.122326793404135
899.9,-60.07254837266849
900.0,-58.11876910822026
900.1,-56.878289233678146
900.2,-65.0
900.3,-65.0
900.4000000000001,-65.0
900.5000000000001,-65.0
900.6,-65.0
900.7,-65.0
900.8000000000001,-65.0
900.9000000000001,-65.0
901.0,-65.0
901.1,-65.0
901.2,-65.0
901.3,-65.0
901.4000000000001,-65.0
901.5000000000001,-65.0
901.6,-65.0
901.7,-65.0
901.8000000000001,-65.0
901.9000000000001,-65.0
902.0,-65.0
902.1,-65.0
902.2,-65.0
902.3,-65.0
902.4000000000001,-65.0
902.5000000000001,-65.0
902.6,-65.0
902.7,-65.0
902.8000000000001,-65.0
902.9000000000001,-65.0
903.0,-65.0
903.1,-65.0
903.2,-65.0
903.3,-65.0
903.4000000000001,-65.0
903.5000000000001,-65.0
903.6,-65.0
903.7,-65.0
903.8000000000001,-65.0
903.9000000000001,-65.0
904.0,-65.0
904.1,-65.0
904.2,-65.0
904.3,-65.0
904.4000000000001,-65.0
904.5000000000001,-65.0
904.6,-65.0
904.7,-65.0
904.8000000000001,-65.0
904.9000000000001,-65.0
905.0,-65.0
905.1,-65.0
905.2,-65.0
905.3,-65.0
905.4000000000001,-61.93075972187651
905.5000000000001,-60.025323289557114
905.6,-57.507894758002294
905.7,-55.58797330747744
905.8000000000001,-65.0
905.9000000000001,-65.0
906.0,-65.0
906.1,-65.0
906.2,-65.0
906.3,-65.0
906.4000000000001,-65.0
906.5000000000001,-65.0
906.6,-65.0
906.7,-65.0
906.8000000000001,-65.0
906.9000000000001,-65.0
907.0,-65.0
907.1,-65.0
907.2,-65.0
907.3,-65.0
907.4000000000001,-65.0
907.5000000000001,-65.0
907.6,-65.0
907.7,-65.0
907.8000000000001,-65.0
907.9000000000001,-65.0
908.0,-65.0
908.1,-65.0
908.2,-65.0
908.3,-65.0
908.4000000000001,-65.0
908.5000000000001,-65.0
908.6,-65.0
908.7,-65.0
908.8000000000001,-65.0
908.9000000000001,-65.0
909.0,-65.0
909.1,-65.0
909.2,-65.0
909.3,-65.0
909.4000000000001,-65.0
909.5000000000001,-65.0
909.6,-65.0
909.7,-65.0
909.8000000000001,-65.0
909.9000000000001,-65.0
910.0,-65.0
910.1,-65.0
910.2,-65.0
910.3,-65.0
910.4000000000001,-65.0
910.5000000000001,-65.0
910.6,-65.0
910.7,-65.0
910.8000000000001,-65.0
910.9000000000001,-65.0
911.0,-62.432235995680394
911.1,-60.581277574069325
911.2,-58.75388976733894
911.3,-56.265291672102016
911.4000000000001,-65.0
911.5000000000001,-65.0
911.6,-65.0
911.7,-65.0
911.8000000000001,-65.0
911.9000000000001,-65.0
912.0,-65.0
912.1,-65.0
912.2,-65.0
912.3,-65.0
912.4,-65.0
912.5000000000001,-65.0
912.6,-65.0
912.7,-65.0
912.8000000000001,-65.0
912.9000000000001,-65.0
913.0,-65.0
913.1,-65.0
913.2,-65.0
913.3,-65.0
913.4,-65.0
913.5000000000001,-65.0
913.6,-65.0
913.7,-65.0
913.8000000000001,-65.0
913.9000000000001,-65.0
914.0,-65.0
914.1,-65.0
914.2,-65.0
914.3,-65.0
914.4,-65.0
914.5000000000001,-65.0
914.6000000000001,-65.0
914.7,-65.0
914.8000000000001,-65.0
914.9000000000001,-65.0
915.0,-65.0
915.1,-65.0
915.2,-65.0
915.3,-65.0
915.4,-65.0
915.5000000000001,-65.0
915.6000000000001,-65.0
915.7,-65.0
915.8000000000001,-65.0
915.9000000000001,-65.0
916.0,-65.0
916.1,-65.0
916.2,-65.0
916.3,-65.0
916.4,-65.0
916.5000000000001,-65.0
916.6000000000001,-63.139634777301026
916.7,-61.11177336240169
916.8000000000001,-59.197257729637094
916.9000000000001,-57.48118141446801
917.0,-55.80120530784125
917.1,-65.0
917.2,-65.0
917.3,-65.0
917.4,-65.0
917.5000000000001,-65.0
917.6000000000001,-65.0
917.7,-65.0
917.8000000000001,-65.0
917.9000000000001,-65.0
918.0,-65.0
918.1,-65.0
918.2,-65.0
918.3,-65.0
918.4,-65.0
918.5000000000001,-65.0
918.6000000000001,-65.0
918.7,-65.0
918.8000000000001,-65.0
918.9000000000001,-65.0
919.0,-65.0
919.1,-65.0
919.2,-65.0
919.3,-65.0
919.4,-65.0
919.5000000000001,-65.0
919.6000000000001,-65.0
919.7,-65.0
919.8000000000001,-65.0
919.9000000000001,-65.0
920.0,-65.0
920.1,-65.0
920.2,-65.0
920.3,-65.0
920.4,-65.0
920.5000000000001,-65.0
920.6000000000001,-65.0
920.7,-65.0
920.8000000000001,-65.0
920.9000000000001,-65.0
921.0,-65.0
921.1,-65.0
921.2,-65.0
921.3,-65.0
921.4,-65.0
921.5000000000001,-65.0
921.6000000000001,-65.0
921.7,-65.0
921.8000000000001,-65.0
921.9000000000001,-65.0
922.0,-65.0
922.1,-65.0
922.2,-65.0
922.3,-62.814723290421426
922.4,-61.73301450837484
922.5000000000001,-59.69128829561526
922.6000000000001,-57.695872113862684
922.7,-55.310318719218316
922.8000000000001,-65.0
922.9000000000001,-65.0
923.0,-65.0
923.1,-65.0
923.2,-65.0
923.3,-65.0
923.4,-65.0
923.5000000000001,-65.0
923.6000000000001,-65.0
923.7,-65.0
923.8000000000001,-65.0
923.9000000000001,-65.0
924.0,-65.0
924.1,-65.0
924.2,-65.0
924.3,-65.0
924.4,-65.0
924.5000000000001,-65.0
924.6000000000001,-65.0
924.7,-65.0
924.8000000000001,-65.0
924.9000000000001,-65.0
925.0,-65.0
925.1,-65.0
925.2,-65.0
925.3,-65.0
925.4,-65.0
925.5,-65.0
925.6000000000001,-65.0
925.7,-65.0
925.8000000000001,-65.0
925.9000000000001,-65.0
926.0,-65.0
926.1,-65.0
926.2,-65.0
926.3000000000001,-65.0
926.4,-65.0
926.5,-65.0
926.6000000000001,-65.0
926.7,-65.0
926.8000000000001,-65.0
926.9000000000001,-65.0
927.0,-65.0
927.1,-65.0
927.2,-65.0
927.3000000000001,-65.0
927.4,-65.0
927.5,-65.0
927.6000000000001,-65.0
927.7,-65.0
927.8000000000001,-65.0
927.9000000000001,-65.0
928.0,-62.42568270185178
928.1,-60.74215024422572
928.2,-58.68984146485747
928.3000000000001,-57.23058008079256
928.4,-55.00465528738487
928.5,-65.0
928.6000000000001,-65.0
928.7,-65.0
928.8000000000001,-65.0
928.9000000000001,-65.0
929.0,-65.0
929.1,-65.0
929.2,-65.0
929.3000000000001,-65.0
929.4,-65.0
929.5,-65.0
929.6000000000001,-65.0
929.7,-65.0
929.8000000000001,-65.0
929.9000000000001,-65.0
930.0,-65.0
930.1,-65.0
930.2,-65.0
930.3000000000001,-65.0
930.4,-65.0
930.5,-65.0
930.6000000000001,-65.0
930.7,-65.0
930.8000000000001,-65.0
930.9000000000001,-65.0
931.0,-65.0
931.1,-65.0
931.2,-65.0
931.3000000000001,-65.0
931.4,-65.0
931.5,-65.0
931.6000000000001,-65.0
931.7,-65.0
931.8000000000001,-65.0
931.9000000000001,-65.0
932.0,-65.0
932.1,-65.0
932.2,-65.0
932.3000000000001,-65.0
932.4,-65.0
932.5,-65.0
932.6000000000001,-65.0
932.7,-65.0
932.8000000000001,-65.0
932.9000000000001,-65.0
933.0,-65.0
933.1,-65.0
933.2,-65.0
933.3000000000001,-65.0
933.4,-65.0
933.5,-65.0
933.6000000000001,-65.0
933.7,-63.71052451052271
933.8000000000001,-62.08379302260278
933.9000000000001,-59.22878099877335
934.0,-58.31767416545897
934.1,-56.91735033212436
934.2,-55.4803706323586
934.3000000000001,-65.0
934.4,-65.0
934.5,-65.0
934.6000000000001,-65.0
934.7,-65.0
934.8000000000001,-65.0
934.9000000000001,-65.0
935.0,-65.0
935.1,-65.0
935.2,-65.0
935.3000000000001,-65.0
935.4,-65.0
935.5,-65.0
935.6000000000001,-65.0
935.7,-65.0
935.8000000000001,-65.0
935.9000000000001,-65.0
936.0,-65.0
936.1,-65.0
936.2,-65.0
936.3000000000001,-65.0
936.4,-65.0
936.5,-65.0
936.6000000000001,-65.0
936.7,-65.0
936.8000000000001,-65.0
936.9000000000001,-65.0
937.0,-65.0
937.1,-65.0
937.2,-65.0
937.3000000000001,-65.0
937.4,-65.0
937.5,-65.0
937.6000000000001,-65.0
937.7,-65.0
937.8000000000001,-65.0
937.9000000000001,-65.0
938.0,-65.0
938.1,-65.0
938.2,-65.0
938.3000000000001,-65.0
938.4,-65.0
938.5,-65.0
938.6,-65.0
938.7,-65.0
938.8000000000001,-65.0
938.9000000000001,-65.0
939.0,-65.0
939.1,-65.0
939.2,-65.0
939.3000000000001,-65.0
939.4,-65.0
939.5,-62.682310948430384
939.6,-60.583451330244884
939.7,-58.253877667511325
939.8000000000001,-56.340173382393814
939.9000000000001,-55.252650688677306
940.0000000000001,-65.0
940.1,-65.0
940.2,-65.0
940.3000000000001,-65.0
940.4,-65.0
940.5,-65.0
940.6,-65.0
940.7,-65.0
940.8000000000001,-65.0
940.9000000000001,-65.0
941.0000000000001,-65.0
941.1,-65.0
941.2,-65.0
941.3000000000001,-65.0
941.4,-65.0
941.5,-65.0
941.6,-65.0
941.7,-65.0
941.8000000000001,-65.0
941.9000000000001,-65.0
942.0000000000001,-65.0
942.1,-65.0
942.2,-65.0
942.3000000000001,-65.0
942.4,-65.0
942.5,-65.0
942.6,-65.0
942.7,-65.0
942.8000000000001,-65.0
942.9000000000001,-65.0
943.0000000000001,-65.0
943.1,-65.0
943.2,-65.0
943.3000000000001,-65.0
943.4,-65.0
943.5,-65.0
943.6,-65.0
943.7,-65.0
943.8000000000001,-65.0
943.9000000000001,-65.0
944.0000000000001,-65.0
944.1,-65.0
944.2,-65.0
944.3000000000001,-65.0
944.4,-65.0
944.5,-65.0
944.6,-65.0
944.7,-65.0
944.8000000000001,-65.0
944.9000000000001,-65.0
945.0000000000001,-65.0
945.1,-65.0
945.2,-62.79313602442851
945.3000000000001,-60.842869414655254
945.4,-58.30522802618546
945.5,-56.33722109811101
945.6,-65.0
945.7,-65.0
945.8000000000001,-65.0
945.9000000000001,-65.0
946.0000000000001,-65.0
946.1,-65.0
946.2,-65.0
946.3000000000001,-65.0
946.4,-65.0
946.5,-65.0
946.6,-65.0
946.7,-65.0
946.8000000000001,-65.0
946.9000000000001,-65.0
947.0000000000001,-65.0
947.1,-65.0
947.2,-65.0
947.3000000000001,-65.0
947.4,-65.0
947.5,-65.0
947.6,-65.0
947.7,-65.0
947.8000000000001,-65.0
947.9000000000001,-65.0
948.0000000000001,-65.0
948.1,-65.0
948.2,-65.0
948.3000000000001,-65.0
948.4,-65.0
948.5,-65.0
948.6,-65.0
948.7,-65.0
948.8000000000001,-65.0
948.9000000000001,-65.0
949.0000000000001,-65.0
949.1,-65.0
949.2,-65.0
949.3000000000001,-65.0
949.4,-65.0
949.5,-65.0
949.6,-65.0
949.7,-65.0
949.8000000000001,-65.0
949.9000000000001,-65.0
950.0000000000001,-65.0
950.1,-65.0
950.2,-65.0
950.3000000000001,-65.0
950.4,-65.0
950.5,-65.0
950.6,-65.0
950.7,-65.0
950.8000000000001,-63.51576823470749
950.9000000000001,-61.870532303007025
951.0000000000001,-60.817906215025765
951.1,-58.32224532585766
951.2,-56.63204950496825
951.3000000000001,-65.0
951.4,-65.0
951.5,-65.0
951.6,-65.0
951.7,-65.0
951.8000000000001,-65.0
951.9000000000001,-65.0
952.0000000000001,-65.0
952.1,-65.0
952.2,-65.0
952.3000000000001,-65.0
952.4,-65.0
952.5,-65.0
952.6,-65.0
952.7,-65.0
952.8000000000001,-65.0
952.9000000000001,-65.0
953.0000000000001,-65.0
953.1,-65.0
953.2,-65.0
953.3000000000001,-65.0
953.4,-65.0
953.5,-65.0
953.6,-65.0
953.7,-65.0
953.8000000000001,-65.0
953.9000000000001,-65.0
954.0000000000001,-65.0
954.1,-65.0
954.2,-65.0
954.3000000000001,-65.0
954.4,-65.0
954.5,-65.0
954.6,-65.0
954.7,-65.0
954.8000000000001,-65.0
954.9000000000001,-65.0
955.0000000000001,-65.0
955.1,-65.0
955.2,-65.0
955.3000000000001,-65.0
955.4,-65.0
955.5,-65.0
955.6,-65.0
955.7,-65.0
955.8000000000001,-65.0
955.9000000000001,-65.0
956.0000000000001,-65.0
956.1,-65.0
956.2,-65.0
956.3000000000001,-65.0
956.4,-65.0
956.5,-62.764552881138165
956.6,-61.66325442675473
956.7,-59.42501344371045
956.8000000000001,-57.08080426176521
956.9000000000001,-55.916561499505015
957.0000000000001,-65.0
957.1,-65.0
957.2,-65.0
957.3000000000001,-65.0
957.4,-65.0
957.5,-65.0
957.6,-65.0
957.7,-65.0
957.8000000000001,-65.0
957.9000000000001,-65.0
958.0000000000001,-65.0
958.1,-65.0
958.2,-65.0
958.3000000000001,-65.0
958.4,-65.0
958.5,-65.0
958.6,-65.0
958.7,-65.0
958.8000000000001,-65.0
958.9000000000001,-65.0
959.0000000000001,-65.0
959.1,-65.0
959.2,-65.0
959.3000000000001,-65.0
959.4,-65.0
959.5,-65.0
959.6,-65.0
959.7,-65.0
959.8000000000001,-65.0
959.9000000000001,-65.0
960.0000000000001,-65.0
960.1,-65.0
960.2,-65.0
960.3000000000001,-65.0
960.4,-65.0
960.5,-65.0
960.6,-65.0
960.7,-65.0
960.8000000000001,-65.0
960.9000000000001,-65.0
961.0000000000001,-65.0
961.1,-65.0
961.2,-65.0
961.3000000000001,-65.0
961.4,-65.0
961.5,-65.0
961.6,-65.0
961.7,-65.0
961.8000000000001,-65.0
961.9000000000001,-65.0
962.0000000000001,-65.0
962.1,-65.0
962.2,-62.533097874731965
962.3000000000001,-59.98658989753316
962.4,-58.87957888912904
962.5,-56.92209784030527
962.6,-55.48956603890886
962.7,-65.0
962.8000000000001,-65.0
962.9000000000001,-65.0
963.0000000000001,-65.0
963.1,-65.0
963.2,-65.0
963.3000000000001,-65.0
963.4000000000001,-65.0
963.5,-65.0
963.6,-65.0
963.7,-65.0
963.8000000000001,-65.0
963.9000000000001,-65.0
964.0000000000001,-65.0
964.1,-65.0
964.2,-65.0
964.3000000000001,-65.0
964.4000000000001,-65.0
964.5,-65.0
964.6,-65.0
964.7,-65.0
964.8,-65.0
964.9000000000001,-65.0
965.0000000000001,-65.0
965.1,-65.0
965.2,-65.0
965.3000000000001,-65.0
965.4000000000001,-65.0
965.5,-65.0
965.6,-65.0
965.7,-65.0
965.8,-65.0
965.9000000000001,-65.0
966.0000000000001,-65.0
966.1,-65.0
966.2,-65.0
966.3000000000001,-65.0
966.4000000000001,-65.0
966.5,-65.0
966.6,-65.0
966.7,-65.0
966.8,-65.0
966.9000000000001,-65.0
967.0000000000001,-65.0
967.1,-65.0
967.2,-65.0
967.3000000000001,-65.0
967.4000000000001,-65.0
967.5,-65.0
967.6,-65.0
967.7,-65.0
967.8,-65.0
967.9000000000001,-62.42379176960345
968.0000000000001,-59.59902921972426
968.1,-56.55440892511341
968.2,-65.0
968.3000000000001,-65.0
968.4000000000001,-65.0
968.5,-65.0
968.6,-65.0
968.7,-65.0
968.8,-65.0
968.9000000000001,-65.0
969.0000000000001,-65.0
969.1,-65.0
969.2,-65.0
969.3000000000001,-65.0
969.4000000000001,-65.0
969.5,-65.0
969.6,-65.0
969.7,-65.0
969.8,-65.0
969.9000000000001,-65.0
970.0000000000001,-65.0
970.1,-65.0
970.2,-65.0
970.3000000000001,-65.0
970.4000000000001,-65.0
970.5,-65.0
970.6,-65.0
970.7,-65.0
970.8,-65.0
970.9000000000001,-65.0
971.0000000000001,-65.0
971.1,-65.0
971.2,-65.0
971.3000000000001,-65.0
971.4000000000001,-65.0
971.5,-65.0
971.6,-65.0
971.7,-65.0
971.8,-65.0
971.9000000000001,-65.0
972.0000000000001,-65.0
972.1,-65.0
972.2,-65.0
972.3000000000001,-65.0
972.4000000000001,-65.0
972.5,-65.0
972.6,-65.0
972.7,-65.0
972.8,-65.0
972.9000000000001,-65.0
973.0000000000001,-65.0
973.1,-65.0
973.2,-65.0
973.3000000000001,-65.0
973.4000000000001,-63.575114864983576
973.5,-62.20659625163896
973.6,-59.82782512698882
973.7,-57.96372140174398
973.8,-56.22979313228209
973.9000000000001,-65.0
974.0000000000001,-65.0
974.1,-65.0
974.2,-65.0
974.3000000000001,-65.0
974.4000000000001,-65.0
974.5,-65.0
974.6,-65.0
974.7,-65.0
974.8,-65.0
974.9000000000001,-65.0
975.0000000000001,-65.0
975.1,-65.0
975.2,-65.0
975.3000000000001,-65.0
975.4000000000001,-65.0
975.5,-65.0
975.6,-65.0
975.7,-65.0
975.8,-65.0
975.9000000000001,-65.0
976.0000000000001,-65.0
976.1,-65.0
976.2,-65.0
976.3000000000001,-65.0
976.4000000000001,-65.0
976.5,-65.0
976.6,-65.0
976.7,-65.0
976.8,-65.0
976.9000000000001,-65.0
977.0000000000001,-65.0
977.1000000000001,-65.0
977.2,-65.0
977.3000000000001,-65.0
977.4000000000001,-65.0
977.5,-65.0
977.6,-65.0
977.7,-65.0
977.8,-65.0
977.9,-65.0
978.0000000000001,-65.0
978.1000000000001,-65.0
978.2,-65.0
978.3000000000001,-65.0
978.4000000000001,-65.0
978.5,-65.0
978.6,-65.0
978.7,-65.0
978.8,-65.0
978.9,-65.0
979.0000000000001,-65.0
979.1000000000001,-62.79723486448319
979.2,-60.888819526780814
979.3000000000001,-58.929483806201105
979.4000000000001,-56.38601107310963
979.5,-65.0
979.6,-65.0
979.7,-65.0
979.8,-65.0
979.9,-65.0
980.0000000000001,-65.0
980.1000000000001,-65.0
980.2,-65.0
980.3000000000001,-65.0
980.4000000000001,-65.0
980.5,-65.0
980.6,-65.0
980.7,-65.0
980.8,-65.0
980.9,-65.0
981.0000000000001,-65.0
981.1000000000001,-65.0
981.2,-65.0
981.3000000000001,-65.0
981.4000000000001,-65.0
981.5,-65.0
981.6,-65.0
981.7,-65.0
981.8,-65.0
981.9,-65.0
982.0000000000001,-65.0
982.1000000000001,-65.0
982.2,-65.0
982.3000000000001,-65.0
982.4000000000001,-65.0
982.5,-65.0
982.6,-65.0
982.7,-65.0
982.8,-65.0
982.9,-65.0
983.0000000000001,-65.0
983.1000000000001,-65.0
983.2,-65.0
983.3000000000001,-65.0
983.4000000000001,-65.0
983.5,-65.0
983.6,-65.0
983.7,-65.0
983.8,-65.0
983.9,-65.0
984.0000000000001,-65.0
984.1000000000001,-65.0
984.2,-65.0
984.3000000000001,-65.0
984.4000000000001,-65.0
984.5,-65.0
984.6,-65.0
984.7,-63.27318492644923
984.8,-60.99495090283695
984.9,-59.50014269737351
985.0000000000001,-57.32335532440967
985.1000000000001,-55.535513995270875
985.2,-65.0
985.3000000000001,-65.0
985.4000000000001,-65.0
985.5,-65.0
985.6,-65.0
985.7,-65.0
985.8,-65.0
985.9,-65.0
986.0000000000001,-65.0
986.1000000000001,-65.0
986.2,-65.0
986.3000000000001,-65.0
986.4000000000001,-65.0
986.5,-65.0
986.6,-65.0
986.7,-65.0
986.8,-65.0
986.9,-65.0
987.0000000000001,-65.0
987.1000000000001,-65.0
987.2,-65.0
987.3000000000001,-65.0
987.4000000000001,-65.0
987.5,-65.0
987.6,-65.0
987.7,-65.0
987.8,-65.0
987.9,-65.0
988.0000000000001,-65.0
988.1000000000001,-65.0
988.2,-65.0
988.3000000000001,-65.0
988.4000000000001,-65.0
988.5,-65.0
988.6,-65.0
988.7,-65.0
988.8000000000001,-65.0
988.9,-65.0
989.0000000000001,-65.0
989.1000000000001,-65.0
989.2,-65.0
989.3000000000001,-65.0
989.4000000000001,-65.0
989.5,-65.0
989.6,-65.0
989.7,-65.0
989.8000000000001,-65.0
989.9,-65.0
990.0000000000001,-65.0
990.1000000000001,-65.0
990.2,-65.0
990.3000000000001,-65.0
990.4000000000001,-62.727545350747135
990.5,-60.92172704758524
990.6,-59.33990999440675
990.7,-57.49585986867664
990.8000000000001,-56.01120833248801
990.9,-65.0
991.0,-65.0
991.1000000000001,-65.0
991.2,-65.0
991.3000000000001,-65.0
991.4000000000001,-65.0
991.5,-65.0
991.6,-65.0
991.7,-65.0
991.8000000000001,-65.0
991.9,-65.0
992.0,-65.0
992.1000000000001,-65.0
992.2,-65.0
992.3000000000001,-65.0
992.4000000000001,-65.0
992.5,-65.0
992.6,-65.0
992.7,-65.0
992.8000000000001,-65.0
992.9,-65.0
993.0,-65.0
993.1000000000001,-65.0
993.2,-65.0
993.3000000000001,-65.0
993.4000000000001,-65.0
993.5,-65.0
993.6,-65.0
993.7,-65.0
993.8000000000001,-65.0
993.9,-65.0
994.0,-65.0
994.1000000000001,-65.0
994.2,-65.0
994.3000000000001,-65.0
994.4000000000001,-65.0
994.5,-65.0
994.6,-65.0
994.7,-65.0
994.8000000000001,-65.0
994.9,-65.0
995.0,-65.0
995.1000000000001,-65.0
995.2,-65.0
995.3000000000001,-65.0
995.4000000000001,-65.0
995.5,-65.0
995.6,-65.0
995.7,-65.0
995.8000000000001,-65.0
995.9,-65.0
996.0,-65.0
996.1000000000001,-62.49933451532611
996.2,-60.23924884656291
996.3000000000001,-57.225959296608416
996.4000000000001,-55.501655052882526
996.5,-65.0
996.6,-65.0
996.7,-65.0
996.8000000000001,-65.0
996.9,-65.0
997.0,-65.0
997.1000000000001,-65.0
997.2,-65.0
997.3000000000001,-65.0
997.4000000000001,-65.0
997.5,-65.0
997.6,-65.0
997.7,-65.0
997.8000000000001,-65.0
997.9,-65.0
998.0,-65.0
998.1000000000001,-65.0
998.2,-65.0
998.3000000000001,-65.0
998.4000000000001,-65.0
998.5,-65.0
998.6,-65.0
998.7,-65.0
998.8000000000001,-65.0
998.9,-65.0
999.0,-65.0
999.1000000000001,-65.0
999.2,-65.0
999.3000000000001,-65.0
999.4000000000001,-65.0
999.5,-65.0
999.6,-65.0
999.7,-65.0
999.8000000000001,-65.0
999.9,-65.0
